feature,source,mean_abs_shap
cnn_1119,CNN,0.22651972
cnn_1078,CNN,0.18940556
cnn_271,CNN,0.17003246
cnn_368,CNN,0.14128265
cnn_582,CNN,0.10199275
cnn_990,CNN,0.10063661
cnn_518,CNN,0.098382495
cnn_96,CNN,0.09424424
cnn_1192,CNN,0.070458926
vit_209,ViT,0.06493472
vit_173,ViT,0.057705417
cnn_350,CNN,0.056779075
cnn_684,CNN,0.05653955
cnn_311,CNN,0.053637937
vit_111,ViT,0.051770914
cnn_499,CNN,0.048056528
cnn_924,CNN,0.04241054
cnn_1015,CNN,0.038178388
cnn_507,CNN,0.03792933
vit_302,ViT,0.0347486
cnn_168,CNN,0.03290565
glcm_contrast_90,Handcrafted,0.03198501
cnn_438,CNN,0.03181802
cnn_1140,CNN,0.031681553
vit_50,ViT,0.031009138
cnn_635,CNN,0.030930264
cnn_403,CNN,0.030866835
cnn_846,CNN,0.030406768
cnn_121,CNN,0.03009107
vit_55,ViT,0.029848577
cnn_128,CNN,0.029799828
vit_205,ViT,0.028842464
cnn_199,CNN,0.02866216
vit_285,ViT,0.028305506
vit_138,ViT,0.028179025
cnn_685,CNN,0.028124254
vit_31,ViT,0.027734706
cnn_1066,CNN,0.026546512
vit_58,ViT,0.02647233
glcm_contrast_0,Handcrafted,0.026198091
cnn_879,CNN,0.026078157
cnn_1128,CNN,0.025995797
vit_57,ViT,0.025916748
cnn_1012,CNN,0.025849072
cnn_330,CNN,0.025778463
vit_304,ViT,0.025580218
vit_270,ViT,0.025422964
vit_73,ViT,0.024678027
vit_71,ViT,0.024335194
cnn_273,CNN,0.023961224
cnn_172,CNN,0.023292644
vit_320,ViT,0.023119502
glcm_energy_90,Handcrafted,0.022889165
cnn_600,CNN,0.022813024
cnn_865,CNN,0.02269842
cnn_761,CNN,0.022463117
cnn_1005,CNN,0.022345304
vit_32,ViT,0.022227544
vit_124,ViT,0.02204001
cnn_24,CNN,0.02039114
cnn_773,CNN,0.020140888
cnn_828,CNN,0.020010564
cnn_414,CNN,0.01960197
cnn_789,CNN,0.01955768
cnn_536,CNN,0.019223714
cnn_42,CNN,0.0189685
cnn_740,CNN,0.01846101
cnn_1074,CNN,0.018083813
vit_312,ViT,0.01790964
cnn_176,CNN,0.01783751
cnn_1169,CNN,0.017581217
cnn_1151,CNN,0.01734176
cnn_269,CNN,0.01722601
cnn_625,CNN,0.017112873
cnn_374,CNN,0.016993593
cnn_1008,CNN,0.016626393
vit_371,ViT,0.016603012
vit_5,ViT,0.016582346
cnn_556,CNN,0.016541356
cnn_38,CNN,0.016335186
cnn_14,CNN,0.0162055
vit_15,ViT,0.016175067
cnn_736,CNN,0.0161403
cnn_757,CNN,0.015936922
cnn_988,CNN,0.015922094
cnn_296,CNN,0.015107273
vit_74,ViT,0.0150646
cnn_55,CNN,0.014991852
vit_75,ViT,0.014959012
cnn_690,CNN,0.014890523
cnn_904,CNN,0.01486259
vit_204,ViT,0.014500242
cnn_280,CNN,0.014481906
glcm_energy_0,Handcrafted,0.014470662
cnn_607,CNN,0.014430011
cnn_292,CNN,0.01441336
cnn_966,CNN,0.014259853
cnn_1060,CNN,0.0141488435
vit_78,ViT,0.014105379
cnn_926,CNN,0.0137778
cnn_572,CNN,0.013617504
cnn_872,CNN,0.013547888
vit_134,ViT,0.013445808
vit_106,ViT,0.013291746
vit_30,ViT,0.013213761
cnn_537,CNN,0.013120156
cnn_751,CNN,0.012894589
cnn_1236,CNN,0.01280112
vit_67,ViT,0.012763022
cnn_93,CNN,0.012762354
cnn_202,CNN,0.012701392
vit_374,ViT,0.012580838
cnn_1077,CNN,0.012522739
cnn_183,CNN,0.012478181
cnn_760,CNN,0.0124573205
cnn_62,CNN,0.012267902
vit_359,ViT,0.012217906
cnn_151,CNN,0.012087613
cnn_46,CNN,0.012033535
vit_131,ViT,0.0119804
cnn_1207,CNN,0.011907914
vit_291,ViT,0.011887887
cnn_1094,CNN,0.011858132
cnn_741,CNN,0.011831909
vit_13,ViT,0.011767369
vit_269,ViT,0.011765372
cnn_1148,CNN,0.011747431
cnn_319,CNN,0.011736396
cnn_906,CNN,0.011706605
vit_323,ViT,0.011639551
cnn_802,CNN,0.01157053
cnn_467,CNN,0.011380873
vit_215,ViT,0.011368591
vit_221,ViT,0.011361017
vit_345,ViT,0.011358965
cnn_458,CNN,0.011346227
cnn_1158,CNN,0.0111302165
cnn_1031,CNN,0.0110237645
cnn_1237,CNN,0.010925093
cnn_500,CNN,0.01091008
vit_289,ViT,0.010862393
cnn_898,CNN,0.010815524
vit_264,ViT,0.010781143
cnn_304,CNN,0.010602105
cnn_470,CNN,0.0105628725
vit_231,ViT,0.010416278
cnn_533,CNN,0.010404932
vit_233,ViT,0.010354171
vit_100,ViT,0.0103533175
glcm_correl_135,Handcrafted,0.010307583
cnn_857,CNN,0.010141403
cnn_825,CNN,0.010010639
cnn_1056,CNN,0.009844494
vit_69,ViT,0.009783264
vit_35,ViT,0.009773165
cnn_443,CNN,0.009765125
cnn_256,CNN,0.009675833
cnn_2,CNN,0.009629627
cnn_262,CNN,0.009604094
cnn_1037,CNN,0.009567473
cnn_248,CNN,0.009428532
cnn_493,CNN,0.009421424
cnn_679,CNN,0.009403012
cnn_883,CNN,0.009353442
cnn_23,CNN,0.009347549
cnn_1185,CNN,0.009345064
cnn_876,CNN,0.009309266
glcm_correl_0,Handcrafted,0.009277522
cnn_603,CNN,0.009250788
cnn_360,CNN,0.009228275
cnn_294,CNN,0.009226027
vit_305,ViT,0.009132417
vit_52,ViT,0.009127977
cnn_1252,CNN,0.0091120675
cnn_1210,CNN,0.0090872655
cnn_624,CNN,0.009058265
cnn_297,CNN,0.009028868
cnn_1016,CNN,0.009027075
vit_224,ViT,0.008905541
cnn_410,CNN,0.00885848
vit_237,ViT,0.008823896
vit_240,ViT,0.008769774
cnn_615,CNN,0.008726911
vit_203,ViT,0.008716261
cnn_1275,CNN,0.008702759
cnn_219,CNN,0.008693123
cnn_1111,CNN,0.008692348
mean_intensity,Handcrafted,0.008663198
cnn_417,CNN,0.008651562
cnn_902,CNN,0.008650493
cnn_1133,CNN,0.008633172
cnn_472,CNN,0.008612173
cnn_1093,CNN,0.008557375
vit_333,ViT,0.008489243
cnn_987,CNN,0.008449194
cnn_442,CNN,0.008403971
cnn_3,CNN,0.008381839
cnn_483,CNN,0.008374651
cnn_509,CNN,0.008363437
cnn_1208,CNN,0.00835105
vit_167,ViT,0.008314749
cnn_656,CNN,0.0083046565
cnn_455,CNN,0.008238681
cnn_275,CNN,0.008234272
cnn_837,CNN,0.008183601
cnn_1059,CNN,0.008110764
cnn_1180,CNN,0.008108795
cnn_1112,CNN,0.008081581
vit_377,ViT,0.008044832
cnn_1027,CNN,0.008033879
cnn_1044,CNN,0.008021209
cnn_1014,CNN,0.0079996465
cnn_488,CNN,0.007997832
cnn_97,CNN,0.007937035
cnn_785,CNN,0.00793051
cnn_732,CNN,0.007829433
vit_91,ViT,0.0077985786
vit_180,ViT,0.007737428
cnn_530,CNN,0.0076984554
vit_246,ViT,0.00769272
cnn_15,CNN,0.0076049627
cnn_920,CNN,0.0076020374
cnn_327,CNN,0.0075916476
cnn_505,CNN,0.00758685
cnn_102,CNN,0.007570708
cnn_1087,CNN,0.0075205476
vit_40,ViT,0.0075104386
cnn_1126,CNN,0.0074811913
vit_326,ViT,0.007471083
vit_152,ViT,0.0074381996
cnn_686,CNN,0.0074245273
vit_175,ViT,0.0073843393
cnn_1022,CNN,0.0073759193
cnn_808,CNN,0.007373755
vit_229,ViT,0.007340829
cnn_744,CNN,0.007308755
cnn_482,CNN,0.007272771
vit_362,ViT,0.0072711976
cnn_1142,CNN,0.0072680814
cnn_56,CNN,0.007266664
cnn_179,CNN,0.00724992
vit_245,ViT,0.0072281007
cnn_866,CNN,0.0071546226
cnn_768,CNN,0.0071279537
cnn_50,CNN,0.0070732706
cnn_609,CNN,0.007046819
vit_225,ViT,0.0070418506
vit_281,ViT,0.007025808
cnn_1197,CNN,0.0069927066
cnn_53,CNN,0.006952245
cnn_764,CNN,0.0069494927
cnn_970,CNN,0.0069345003
vit_216,ViT,0.0068851546
cnn_1191,CNN,0.0068808543
vit_300,ViT,0.0068632336
vit_373,ViT,0.0068621575
vit_139,ViT,0.006818843
cnn_655,CNN,0.006813861
cnn_502,CNN,0.006811074
vit_189,ViT,0.0067924093
cnn_972,CNN,0.0067878
vit_61,ViT,0.006756438
cnn_134,CNN,0.006698908
vit_79,ViT,0.006677381
cnn_677,CNN,0.0066559166
vit_257,ViT,0.0066409064
cnn_746,CNN,0.006610312
cnn_475,CNN,0.006603542
cnn_870,CNN,0.006571881
cnn_832,CNN,0.006567847
cnn_1019,CNN,0.0065646563
vit_220,ViT,0.0065069734
vit_146,ViT,0.00648291
cnn_354,CNN,0.0064817155
cnn_57,CNN,0.0064746574
cnn_313,CNN,0.006467559
cnn_1176,CNN,0.0064635156
cnn_630,CNN,0.0064610685
cnn_714,CNN,0.006405236
cnn_302,CNN,0.0064011468
cnn_968,CNN,0.0063888784
cnn_743,CNN,0.0063861487
cnn_648,CNN,0.006335689
vit_380,ViT,0.006312176
cnn_1082,CNN,0.006288677
vit_150,ViT,0.006286302
cnn_791,CNN,0.0062708263
cnn_164,CNN,0.0062567797
cnn_1065,CNN,0.0062228227
glcm_energy_135,Handcrafted,0.0062226867
cnn_943,CNN,0.0062034023
cnn_573,CNN,0.0062020184
cnn_170,CNN,0.0061722603
vit_352,ViT,0.0061706267
cnn_593,CNN,0.006168814
glcm_contrast_135,Handcrafted,0.0061664865
vit_251,ViT,0.0061586634
cnn_570,CNN,0.00615737
vit_179,ViT,0.006149594
cnn_293,CNN,0.006096831
cnn_71,CNN,0.0060926843
cnn_377,CNN,0.006092549
cnn_137,CNN,0.0060901647
vit_316,ViT,0.006072025
cnn_528,CNN,0.006054138
cnn_1165,CNN,0.0060275886
cnn_984,CNN,0.0059738443
cnn_130,CNN,0.005970082
cnn_975,CNN,0.0059601734
cnn_786,CNN,0.005959363
vit_192,ViT,0.005929355
cnn_896,CNN,0.005912642
cnn_1157,CNN,0.0058976896
vit_230,ViT,0.005892055
cnn_309,CNN,0.0058778143
cnn_735,CNN,0.0058676032
cnn_431,CNN,0.005863069
vit_266,ViT,0.0058352454
cnn_919,CNN,0.005806344
cnn_527,CNN,0.0057955114
cnn_784,CNN,0.005781171
cnn_201,CNN,0.005774788
cnn_699,CNN,0.0057261838
cnn_877,CNN,0.0057223625
cnn_977,CNN,0.005698081
cnn_22,CNN,0.005685206
cnn_601,CNN,0.005683366
cnn_947,CNN,0.0056780875
cnn_277,CNN,0.0056626536
vit_375,ViT,0.005653342
vit_177,ViT,0.0056495843
vit_338,ViT,0.0056278617
vit_28,ViT,0.0056083845
cnn_979,CNN,0.005592188
cnn_1235,CNN,0.0055868165
cnn_109,CNN,0.00557158
vit_298,ViT,0.0055705565
cnn_848,CNN,0.0055243955
cnn_30,CNN,0.005498992
cnn_226,CNN,0.0054980423
cnn_759,CNN,0.005471472
cnn_243,CNN,0.0054602474
cnn_1170,CNN,0.005428816
cnn_1226,CNN,0.0054111653
cnn_416,CNN,0.005410848
cnn_511,CNN,0.0054002814
cnn_359,CNN,0.0053718095
cnn_541,CNN,0.00535768
cnn_286,CNN,0.0053071636
cnn_446,CNN,0.005300532
cnn_228,CNN,0.0052685887
cnn_469,CNN,0.0052604936
cnn_742,CNN,0.0052581723
cnn_421,CNN,0.005253041
vit_199,ViT,0.005250718
vit_187,ViT,0.0052433256
cnn_29,CNN,0.005235355
vit_116,ViT,0.0052259187
vit_159,ViT,0.005220535
vit_363,ViT,0.0051986654
cnn_189,CNN,0.0051979036
cnn_274,CNN,0.0051774452
cnn_187,CNN,0.005176016
cnn_819,CNN,0.005172859
cnn_68,CNN,0.0051674885
cnn_1214,CNN,0.005162156
cnn_826,CNN,0.0051517934
cnn_1139,CNN,0.0051379655
cnn_289,CNN,0.0051171007
cnn_1010,CNN,0.005110755
vit_350,ViT,0.0050915494
cnn_383,CNN,0.0050886883
cnn_946,CNN,0.005077896
vit_378,ViT,0.005057283
cnn_252,CNN,0.005048818
cnn_1230,CNN,0.0050348104
cnn_1097,CNN,0.005012112
vit_383,ViT,0.0049826754
cnn_1106,CNN,0.004974294
cnn_240,CNN,0.0049730353
cnn_974,CNN,0.0049547013
glcm_homog_90,Handcrafted,0.0049482747
cnn_25,CNN,0.004945245
cnn_1104,CNN,0.004939024
cnn_778,CNN,0.0049272273
vit_280,ViT,0.0048825582
cnn_688,CNN,0.004855532
vit_178,ViT,0.004841038
cnn_235,CNN,0.004835573
cnn_1249,CNN,0.0048320885
cnn_1243,CNN,0.0048211985
cnn_222,CNN,0.0048122345
cnn_436,CNN,0.004810102
cnn_1263,CNN,0.0048031537
vit_346,ViT,0.00479559
cnn_1073,CNN,0.0047791805
cnn_333,CNN,0.0047760378
vit_294,ViT,0.004772944
cnn_432,CNN,0.0047559603
cnn_320,CNN,0.0047433693
cnn_203,CNN,0.0047384975
cnn_239,CNN,0.0047281086
cnn_611,CNN,0.0046993983
cnn_70,CNN,0.0046849935
vit_202,ViT,0.0046738666
vit_171,ViT,0.004654387
cnn_156,CNN,0.004650554
cnn_217,CNN,0.0046428163
cnn_1232,CNN,0.004631699
vit_154,ViT,0.0046213553
cnn_983,CNN,0.0046211253
cnn_836,CNN,0.004619501
cnn_901,CNN,0.0046150805
cnn_937,CNN,0.004601791
cnn_647,CNN,0.0045896857
cnn_969,CNN,0.0045894813
cnn_737,CNN,0.0045648655
cnn_925,CNN,0.004523141
cnn_886,CNN,0.004519676
cnn_1250,CNN,0.0045180265
vit_235,ViT,0.0045166705
cnn_774,CNN,0.0045105196
cnn_715,CNN,0.0045082318
cnn_908,CNN,0.004478707
cnn_775,CNN,0.0044762404
cnn_958,CNN,0.0044756113
cnn_184,CNN,0.00447132
cnn_1121,CNN,0.004455023
cnn_108,CNN,0.004446083
vit_142,ViT,0.0044427025
cnn_373,CNN,0.0044402317
cnn_1129,CNN,0.004418536
vit_182,ViT,0.0044101053
vit_315,ViT,0.0044042515
cnn_138,CNN,0.00438833
cnn_85,CNN,0.0043799626
cnn_1109,CNN,0.0043696766
cnn_649,CNN,0.00435515
cnn_633,CNN,0.004341622
cnn_863,CNN,0.004337507
vit_262,ViT,0.0043186755
vit_193,ViT,0.0043098517
cnn_305,CNN,0.004298383
cnn_888,CNN,0.004295893
cnn_306,CNN,0.004282864
cnn_820,CNN,0.0042815274
cnn_241,CNN,0.0042760572
vit_94,ViT,0.0042593856
cnn_682,CNN,0.00425308
cnn_1034,CNN,0.004246489
cnn_376,CNN,0.004244567
cnn_447,CNN,0.0042354944
cnn_397,CNN,0.0042172098
cnn_525,CNN,0.0041906764
cnn_1096,CNN,0.0041759503
cnn_196,CNN,0.004161135
cnn_322,CNN,0.0041509136
cnn_672,CNN,0.0041465443
cnn_112,CNN,0.0041229306
cnn_632,CNN,0.0040847557
cnn_153,CNN,0.004082267
cnn_1099,CNN,0.004069785
cnn_495,CNN,0.004045838
cnn_701,CNN,0.004035066
cnn_905,CNN,0.004033989
cnn_1268,CNN,0.0040253308
cnn_48,CNN,0.003998311
cnn_885,CNN,0.0039973743
cnn_387,CNN,0.003990986
cnn_942,CNN,0.0039862925
cnn_371,CNN,0.0039633634
vit_147,ViT,0.0039516864
cnn_587,CNN,0.0039491854
cnn_553,CNN,0.0039332653
cnn_1227,CNN,0.0039022707
vit_310,ViT,0.0038802056
vit_368,ViT,0.0038550464
cnn_1105,CNN,0.0038269332
cnn_308,CNN,0.0038089291
cnn_429,CNN,0.0038088006
cnn_650,CNN,0.0037701002
cnn_1069,CNN,0.0037694545
cnn_251,CNN,0.0037517813
cnn_405,CNN,0.0037441975
cnn_1258,CNN,0.003727797
cnn_290,CNN,0.0037135447
cnn_510,CNN,0.0036990454
cnn_1172,CNN,0.0036982386
cnn_303,CNN,0.0036958212
cnn_1051,CNN,0.003684354
cnn_859,CNN,0.003668584
cnn_1233,CNN,0.0036637445
glcm_homog_45,Handcrafted,0.003657672
cnn_456,CNN,0.0036403676
cnn_860,CNN,0.003613132
cnn_903,CNN,0.003591442
cnn_390,CNN,0.0035892683
cnn_910,CNN,0.0035816918
cnn_463,CNN,0.0035802464
cnn_485,CNN,0.0035786596
vit_118,ViT,0.0035775283
cnn_426,CNN,0.0035446293
cnn_1075,CNN,0.0035401415
vit_324,ViT,0.0035393985
cnn_1270,CNN,0.0035125942
cnn_35,CNN,0.0034833602
cnn_858,CNN,0.0034718334
cnn_437,CNN,0.0034701144
cnn_700,CNN,0.0034609865
vit_279,ViT,0.0034582792
cnn_797,CNN,0.003443233
cnn_854,CNN,0.0034399393
cnn_347,CNN,0.003435878
cnn_698,CNN,0.0034291262
cnn_54,CNN,0.0034193574
cnn_1154,CNN,0.0034186528
cnn_351,CNN,0.0033992687
vit_43,ViT,0.0033922389
vit_8,ViT,0.003379412
cnn_1136,CNN,0.0033787997
cnn_835,CNN,0.0033630235
cnn_1215,CNN,0.003361953
cnn_711,CNN,0.0033515173
vit_101,ViT,0.003349917
cnn_852,CNN,0.0033467454
cnn_1181,CNN,0.0033415325
vit_92,ViT,0.0033395004
cnn_935,CNN,0.0033186125
cnn_1001,CNN,0.0033045164
cnn_660,CNN,0.0032851058
cnn_44,CNN,0.0032652265
cnn_765,CNN,0.003237854
vit_208,ViT,0.0032285645
vit_16,ViT,0.0032231517
cnn_1053,CNN,0.0032183314
vit_156,ViT,0.0031915798
cnn_934,CNN,0.0031828133
vit_115,ViT,0.0031776766
cnn_318,CNN,0.0031591707
cnn_623,CNN,0.0031554224
cnn_1183,CNN,0.003150732
cnn_631,CNN,0.003137348
vit_81,ViT,0.003134816
cnn_98,CNN,0.0031347892
cnn_705,CNN,0.0031237265
cnn_1048,CNN,0.0031225097
cnn_1041,CNN,0.003119809
glcm_homog_135,Handcrafted,0.0031190491
vit_183,ViT,0.0031089473
cnn_745,CNN,0.0030968934
cnn_840,CNN,0.0030919632
cnn_284,CNN,0.0030827373
cnn_341,CNN,0.0030793922
cnn_993,CNN,0.0030749766
cnn_1245,CNN,0.0030686816
vit_308,ViT,0.0030651493
vit_163,ViT,0.003062676
vit_172,ViT,0.0030610447
cnn_646,CNN,0.0030443042
cnn_578,CNN,0.0030348354
cnn_618,CNN,0.0030345232
vit_119,ViT,0.003029961
vit_272,ViT,0.003022459
vit_136,ViT,0.003021279
cnn_562,CNN,0.003005334
cnn_724,CNN,0.0029990075
cnn_83,CNN,0.0029886037
cnn_834,CNN,0.0029786387
cnn_733,CNN,0.0029776266
cnn_209,CNN,0.0029557287
cnn_254,CNN,0.0029544486
cnn_1079,CNN,0.0029462888
cnn_1084,CNN,0.0029368622
cnn_11,CNN,0.0029286048
cnn_769,CNN,0.0029021695
vit_314,ViT,0.0028992263
cnn_1092,CNN,0.002888265
cnn_941,CNN,0.0028872024
cnn_343,CNN,0.0028863177
cnn_200,CNN,0.0028798848
cnn_639,CNN,0.002859846
cnn_734,CNN,0.002858658
cnn_1138,CNN,0.0028572618
vit_112,ViT,0.0028523726
cnn_1257,CNN,0.0028428545
cnn_34,CNN,0.0028395506
vit_250,ViT,0.0028276143
cnn_63,CNN,0.0028207146
cnn_315,CNN,0.002816596
cnn_167,CNN,0.0028070475
cnn_481,CNN,0.0028029503
vit_351,ViT,0.0027761967
cnn_336,CNN,0.0027662455
cnn_645,CNN,0.0027650848
cnn_115,CNN,0.0027602308
cnn_922,CNN,0.0027577837
cnn_194,CNN,0.002738418
vit_218,ViT,0.0027355754
vit_244,ViT,0.0027235062
vit_261,ViT,0.0027132824
cnn_1255,CNN,0.0026935383
cnn_1261,CNN,0.0026913167
cnn_47,CNN,0.0026871117
cnn_425,CNN,0.0026836828
cnn_664,CNN,0.0026767224
cnn_1083,CNN,0.0026618128
cnn_753,CNN,0.0026547646
cnn_1253,CNN,0.002652414
cnn_1098,CNN,0.0026521282
cnn_449,CNN,0.0026516614
cnn_142,CNN,0.0026506996
cnn_619,CNN,0.0026506304
cnn_588,CNN,0.0026392078
cnn_220,CNN,0.0026297239
cnn_1266,CNN,0.0026275523
vit_301,ViT,0.002627231
cnn_586,CNN,0.00262541
vit_234,ViT,0.0026242065
cnn_476,CNN,0.0026084075
cnn_634,CNN,0.0026042745
cnn_801,CNN,0.0025918477
cnn_1149,CNN,0.0025914914
vit_38,ViT,0.0025879687
cnn_932,CNN,0.0025877145
cnn_1248,CNN,0.0025743172
vit_24,ViT,0.002573814
cnn_140,CNN,0.0025682629
cnn_91,CNN,0.0025674137
cnn_173,CNN,0.0025673555
cnn_689,CNN,0.0025451097
cnn_617,CNN,0.0025374726
disc_cx,Handcrafted,0.0025311282
vit_252,ViT,0.0025199172
vit_295,ViT,0.0025103032
cnn_792,CNN,0.0025011909
vit_129,ViT,0.0024693639
cnn_1159,CNN,0.0024678481
cnn_12,CNN,0.0024445197
cnn_136,CNN,0.0024430323
vit_227,ViT,0.0024346109
cnn_257,CNN,0.0024341422
cnn_1204,CNN,0.0024313577
vit_162,ViT,0.002422835
vit_214,ViT,0.0023925332
cnn_670,CNN,0.0023916154
cnn_9,CNN,0.0023842356
cnn_776,CNN,0.0023727121
cnn_433,CNN,0.002364859
cnn_457,CNN,0.0023605418
cnn_589,CNN,0.0023567965
vit_243,ViT,0.0023482684
vit_275,ViT,0.0023451883
cnn_674,CNN,0.0023435093
cnn_1025,CNN,0.0023144595
cnn_659,CNN,0.0023133496
vit_137,ViT,0.0023105883
cnn_708,CNN,0.002290699
cnn_637,CNN,0.0022885334
cnn_175,CNN,0.002271532
vit_66,ViT,0.002267844
cnn_918,CNN,0.0022668485
vit_311,ViT,0.0022450045
cnn_661,CNN,0.0022153186
cnn_960,CNN,0.0021896113
cnn_889,CNN,0.0021714424
cnn_100,CNN,0.0021701374
cnn_810,CNN,0.0021636877
cnn_316,CNN,0.0021464108
vit_95,ViT,0.0021432322
cnn_1155,CNN,0.0021421707
cnn_1238,CNN,0.0021415048
vit_132,ViT,0.0021388433
vit_96,ViT,0.002128889
cnn_372,CNN,0.0021228895
cnn_419,CNN,0.0021007895
cnn_1127,CNN,0.0020931424
cnn_413,CNN,0.0020833737
std_intensity,Handcrafted,0.0020812019
vit_49,ViT,0.0020694565
cnn_148,CNN,0.002067952
cnn_1271,CNN,0.0020635063
cnn_329,CNN,0.0020634485
cnn_939,CNN,0.0020627743
cnn_916,CNN,0.00206144
cnn_234,CNN,0.0020561176
cnn_20,CNN,0.0020388148
cnn_945,CNN,0.0020348825
cnn_540,CNN,0.002014822
cnn_569,CNN,0.002012309
cnn_1004,CNN,0.0020028632
cnn_948,CNN,0.0019845725
cnn_894,CNN,0.0019802533
cnn_995,CNN,0.0019737901
cnn_88,CNN,0.0019470779
vit_42,ViT,0.0019389526
cnn_423,CNN,0.0019382627
cnn_1171,CNN,0.0019269907
cnn_1011,CNN,0.0019208187
cnn_249,CNN,0.0019142143
cnn_1068,CNN,0.0019067558
cnn_1132,CNN,0.0019014272
cnn_237,CNN,0.0018867005
cnn_1259,CNN,0.0018848042
cnn_851,CNN,0.0018791934
cnn_473,CNN,0.0018694497
cnn_931,CNN,0.0018680473
cnn_900,CNN,0.0018510073
cnn_1117,CNN,0.0018494757
cnn_750,CNN,0.0018442587
cnn_244,CNN,0.0018369358
cnn_731,CNN,0.0018328752
cnn_1039,CNN,0.0018308157
cnn_794,CNN,0.0018227927
cnn_982,CNN,0.0018164376
vit_356,ViT,0.0018098269
cnn_1057,CNN,0.0017734602
cnn_798,CNN,0.0017603172
vit_201,ViT,0.0017584596
cnn_963,CNN,0.0017581672
cnn_396,CNN,0.0017565567
cnn_1206,CNN,0.0017405739
vit_46,ViT,0.0017353178
cnn_1274,CNN,0.0017326678
vit_157,ViT,0.0017029971
cnn_64,CNN,0.0016945542
cnn_938,CNN,0.0016476394
cnn_1035,CNN,0.0016425713
vit_317,ViT,0.0016364428
vit_181,ViT,0.0015892641
cnn_361,CNN,0.0015782836
cnn_352,CNN,0.0015525332
cnn_1225,CNN,0.0015388271
vit_90,ViT,0.0015256943
cnn_551,CNN,0.0015242859
cnn_626,CNN,0.0015112552
cnn_628,CNN,0.0015079746
cnn_1085,CNN,0.0014767369
cnn_116,CNN,0.0014662239
cnn_337,CNN,0.0014575032
cnn_422,CNN,0.0014248558
vit_130,ViT,0.001423395
cnn_663,CNN,0.0014133991
cnn_730,CNN,0.0013918233
cnn_1246,CNN,0.0013338679
cnn_1209,CNN,0.0013084474
vit_72,ViT,0.0013068041
cnn_401,CNN,0.0012955478
cnn_1047,CNN,0.0012712579
cnn_847,CNN,0.0012581515
cnn_1160,CNN,0.001251442
cnn_1173,CNN,0.0012430262
cnn_662,CNN,0.0012413102
cnn_996,CNN,0.0012244004
cnn_150,CNN,0.0011951224
cnn_571,CNN,0.001172934
cnn_1054,CNN,0.0011632025
cnn_696,CNN,0.0011605801
cnn_678,CNN,0.0011311377
vit_89,ViT,0.0010984988
cnn_27,CNN,0.0010816496
cnn_258,CNN,0.0010666103
cnn_384,CNN,0.0010564874
cnn_927,CNN,0.0010464218
cnn_1021,CNN,0.001044474
cnn_912,CNN,0.0008704031
cnn_1273,CNN,0.0008121933
glcm_asm_45,Handcrafted,0.00015394963
glcm_asm_0,Handcrafted,0.0
