unique_id,dataset,true_dr_grade,predicted_dr_grade,confidence_score,proba_grade_0,proba_grade_1,proba_grade_2,proba_grade_3,proba_grade_4
20060410_39500_0200_PP,Messidor,0,0,0.6369480607088599,0.6369480607088599,0.3085070974219417,0.05332052868740533,0.0009060904490722189,0.00031822123904354813
68ddb15a74de,APTOS,0,0,0.842798344126592,0.842798344126592,0.12168085793404285,0.033739769490398044,0.0011540264409467102,0.0006269909773814951
IDRiD_348_train,IDRiD,2,4,0.4890993442083053,0.01386720801448599,0.003599804845031853,0.23564690861270673,0.2577867436167982,0.4890993442083053
20060412_59012_0200_PP,Messidor,1,2,0.6727436162492092,0.25250151768092266,0.06606867921169085,0.6727436162492092,0.007646376078870301,0.0010398122655890457
19113e5f45ec,APTOS,2,2,0.9079141105967474,0.03599804151818514,0.025596084321639564,0.9079141105967474,0.018398969634242375,0.012092785447298922
bd500a73beae,APTOS,0,0,0.8970162589823767,0.8970162589823767,0.03212885895203526,0.05333112834388781,0.008871033273895162,0.00865272009645294
IM002909,Messidor,0,0,0.9135130043849008,0.9135130043849008,0.037471054767158764,0.045298589068464144,0.003080183442995721,0.0006371572785570126
19722bff5a09,APTOS,1,1,0.8854212347881918,0.05141991661732277,0.8854212347881918,0.043719692580206804,0.009293716452419519,0.0101454573203656
20060529_56834_0100_PP,Messidor,2,2,0.6972203175398654,0.14372628545194882,0.13573239791603747,0.6972203175398654,0.01863912270338549,0.004681885114167887
5b3d41626ec5,APTOS,0,0,0.9769444937019077,0.9769444937019077,0.011079411035028559,0.011405253462745658,0.0005527775139809255,1.806995447589904e-05
83a63c4a3e4a,APTOS,0,0,0.9854577749293714,0.9854577749293714,0.0069443528322226476,0.007506379596095396,6.289497793139515e-05,2.8599947208203872e-05
20060411_61869_0200_PP,Messidor,0,1,0.532293076028684,0.42395031958336293,0.532293076028684,0.040559836975559635,0.0014667143557200461,0.0017300838469884886
5a0fe0ee4301,APTOS,0,0,0.9738772646427765,0.9738772646427765,0.010304682460617151,0.01301901664223492,0.0013865138639996102,0.0014125262245073273
20060530_53271_0100_PP,Messidor,3,2,0.717349199052239,0.08628054058268461,0.10419167360014492,0.717349199052239,0.08690476318779536,0.005273830549035398
IDRiD_375_train,IDRiD,2,2,0.9145352962755753,0.010085248796563893,0.004107844663712432,0.9145352962755753,0.06488708313705661,0.006384539996154873
20051214_56944_0100_PP,Messidor,4,0,0.3447994602226285,0.3447994602226285,0.24309012823183973,0.17672118154536323,0.01268432309001256,0.22270489819509076
IM000923,Messidor,0,0,0.8804887752289512,0.8804887752289512,0.052148861870402685,0.03895868223982848,0.017682095825682316,0.01072159577970763
20051020_57967_0100_PP,Messidor,0,0,0.6956503538778274,0.6956503538778274,0.2730646951379446,0.024615735969933918,0.0024978277749027693,0.004171377215108356
1d37f1c8b6d8,APTOS,0,0,0.9933330061944037,0.9933330061944037,0.0024983203949564808,0.0032322508263578718,0.0004663974761375276,0.0004700370445822851
IM004005,Messidor,0,0,0.952586782324004,0.952586782324004,0.01661755834422521,0.029713938239607784,0.001025700460835688,5.602297958297545e-05
20060412_58723_0200_PP,Messidor,0,0,0.7470384195673699,0.7470384195673699,0.17844228415248273,0.06755226848103552,0.005474342790728828,0.0014926668200207647
IDRiD_029_train,IDRiD,2,2,0.43196611887358555,0.013676786417268856,0.00755796745199417,0.43196611887358555,0.41101086394525344,0.13578829538347773
IM003603,Messidor,1,0,0.9578253128726719,0.9578253128726719,0.021236671223377603,0.019405887765060366,0.0005933506115730813,0.0009387603399239895
IDRiD_229_train,IDRiD,0,2,0.45750443793426143,0.427077741288896,0.02419040785399347,0.45750443793426143,0.07168591016323024,0.019541481973739925
188a9323be03,APTOS,2,2,0.6326921445377451,0.11353509066840968,0.017787548853796322,0.6326921445377451,0.17738177784742704,0.058603445703512225
IDRiD_338_train,IDRiD,2,2,0.8033859653209232,0.03902851098349492,0.10480651059816698,0.8033859653209232,0.04255608856680398,0.010222933525226475
20051130_54846_0400_PP,Messidor,0,0,0.8710464358193803,0.8710464358193803,0.09800674931666448,0.02867771663336963,0.001997149490112585,0.0002719443364125799
07d8db76b301,APTOS,2,2,0.8778752028873574,0.05232829050618952,0.026894177850973068,0.8778752028873574,0.02845604431584328,0.01444629519139587
IDRiD_364_train,IDRiD,3,3,0.8040104129433142,0.021175106842319533,0.0052643020042256175,0.07495186710519562,0.8040104129433142,0.09459832728552073
6f0e5848d9ce,APTOS,0,0,0.97037560959053,0.97037560959053,0.013449663721747489,0.014624595286070935,0.0010648453155200307,0.00048530215960008213
0e82bcacc475,APTOS,4,4,0.6715374863717174,0.01978843513121609,0.012141318304757473,0.1534867760255207,0.1430459797901548,0.6715374863717174
IDRiD_125_train,IDRiD,2,2,0.47254714328516195,0.01788385893463157,0.006201064737639392,0.47254714328516195,0.38036061913986796,0.12300731850240887
20051020_57622_0100_PP,Messidor,2,2,0.8671977818995266,0.044230503412901516,0.031938003015379676,0.8671977818995266,0.04770971259751385,0.008923989661121257
0fb560f9adb2,APTOS,2,1,0.45324762430343585,0.07022031949051993,0.45324762430343585,0.3872803594291732,0.028670754803499003,0.060580921160208176
IM001688,Messidor,0,0,0.9177982458320036,0.9177982458320036,0.015449045341590787,0.05449368049401671,0.008809497374409213,0.003449535501528176
IM001308,Messidor,0,0,0.8917814554683885,0.8917814554683885,0.05331072383869507,0.050199838918014224,0.0024135716597359176,0.002294394745328378
IDRiD_065_train,IDRiD,3,2,0.503650774663952,0.054420455787191784,0.10898191902134605,0.503650774663952,0.2679150548365738,0.06503179440462374
IM003811,Messidor,2,0,0.6439940282622925,0.6439940282622925,0.10082049244288936,0.25154834381974384,0.002505903926897429,0.0011312589673360726
20060530_55724_0100_PP,Messidor,3,3,0.7065922713864112,0.053649878849605905,0.039095421976568734,0.18834935527044888,0.7065922713864112,0.012313070383003595
IM002895,Messidor,0,0,0.7240986788829982,0.7240986788829982,0.2416653784428009,0.026363994979133318,0.006481626334384312,0.001390314232970386
IDRiD_346_train,IDRiD,0,0,0.8674576773134861,0.8674576773134861,0.030480381197178167,0.08207296779618997,0.013196547718485694,0.00679242565059293
58a9e0d7f7af,APTOS,0,0,0.9485360968452756,0.9485360968452756,0.025966984700037856,0.023062083664045708,0.0019495070995899208,0.0004853107423727134
a2811f512c1c,APTOS,0,0,0.9116197750864967,0.9116197750864967,0.03494752206020168,0.04986772045347968,0.002163994422753757,0.001400990721636169
d30d079e6f9a,APTOS,0,0,0.7606927048328159,0.7606927048328159,0.016580490055301256,0.21910239981311574,0.0035469212881570917,7.752034778382025e-05
IM001252,Messidor,0,0,0.6605979484032213,0.6605979484032213,0.11250215406885537,0.22361260181684864,0.002493577577765895,0.0007937007876220052
IM001629,Messidor,0,0,0.8953905084101876,0.8953905084101876,0.0480784558775626,0.05406996251221089,0.0011933902014014631,0.0012677093045750376
52ddde91a349,APTOS,0,0,0.9853694457131564,0.9853694457131564,0.007479506967001523,0.006607498119173873,0.0005217603827233025,2.1808527313578404e-05
1ade1e949383,APTOS,2,2,0.8490643321379301,0.05004251465068659,0.07125901361473241,0.8490643321379301,0.02019022152184422,0.009443906565773744
1db0393cdbc1,APTOS,0,0,0.9406571998284087,0.9406571998284087,0.02523231430432379,0.028256582458458995,0.0021689020434642425,0.0036850076963624565
81914ceb4e74,APTOS,0,0,0.9792690186241296,0.9792690186241296,0.007899617404383006,0.011013245827321374,0.001507774211535819,0.0003103416634451219
dee1031a76ae,APTOS,0,0,0.6931586858493146,0.6931586858493146,0.26173706261073765,0.03246654043750955,0.004668134362041153,0.007969571661946298
f994a3b07935,APTOS,0,0,0.9201046658933135,0.9201046658933135,0.02675919016524093,0.04501315886004278,0.005968064186625529,0.0021549487268470316
0ada12c0e78f,APTOS,4,2,0.6306596836522251,0.14096925740724386,0.04174358716897084,0.6306596836522251,0.1074240556245341,0.07920343851485176
ae49cc60f251,APTOS,0,0,0.9702195160493885,0.9702195160493885,0.018421357964605187,0.009789025118290561,0.0005101225927307414,0.0010599799230148882
73a07e2ea23e,APTOS,0,0,0.954481500628903,0.954481500628903,0.018698622208483544,0.020857001645163634,0.001899420595248179,0.004063444203652597
20060529_57351_0100_PP,Messidor,0,1,0.4144032271044892,0.34881925652808243,0.4144032271044892,0.2335541510448781,0.0026816986271529434,0.0005416682394323355
IM001139,Messidor,0,0,0.8956974955143285,0.8956974955143285,0.04378415128683191,0.05926006160391312,0.0006709996726903808,0.0005873039618398243
IDRiD_024_train,IDRiD,4,2,0.772671354478794,0.017502738664608428,0.0047524739725774545,0.772671354478794,0.1487447150063021,0.05632871204766213
20051130_54595_0400_PP,Messidor,0,0,0.5544940768449325,0.5544940768449325,0.1990425316526444,0.2120025788331666,0.010873218766967164,0.02358758038145399
4d167ca69ea8,APTOS,0,0,0.8965663108426891,0.8965663108426891,0.0707129700161525,0.0261887369419867,0.003674224446862946,0.0028577334536201066
8c29a76fa08c,APTOS,0,0,0.7897761781977601,0.7897761781977601,0.012325520047794906,0.19379199129916766,0.0023002713119900887,0.0018060320289327212
e1dc02a3dc2a,APTOS,0,0,0.9561422371436314,0.9561422371436314,0.024130444379418775,0.01720936517331523,0.0023940917206111165,0.00012384416875508653
9688c6ef5dc5,APTOS,0,0,0.9895746128284341,0.9895746128284341,0.0026097362430870163,0.0071700731526312,0.0001386514335502653,0.0005069155823176118
20051116_54642_0400_PP,Messidor,1,0,0.513492616292667,0.513492616292667,0.3439623356874948,0.13971286321593618,0.0014084128294092142,0.0014237664517539248
20060410_41880_0200_PP,Messidor,0,2,0.5040186196303806,0.3951684471712056,0.07932087083669125,0.5040186196303806,0.019849202935103727,0.001642868792308281
20060411_60028_0200_PP,Messidor,1,0,0.6413544725333542,0.6413544725333542,0.3112378902594739,0.043193545125842774,0.002716460902294182,0.0014976148065359276
20060412_59735_0200_PP,Messidor,2,2,0.640240900697409,0.07525059203920594,0.10749559475362834,0.640240900697409,0.15971771947047966,0.01729519084346961
dccdf750c962,APTOS,0,0,0.9642678441214487,0.9642678441214487,0.017762391459112396,0.017337823227251987,0.0005630985771402708,6.883948706414848e-05
IM000212,Messidor,0,0,0.9089095452931437,0.9089095452931437,0.06161361229932767,0.026373002047836366,0.001944227536115861,0.00115961065506821
20060410_47331_0200_PP,Messidor,1,0,0.6666237301918995,0.6666237301918995,0.200635364260128,0.1287309391508495,0.0027101659137416887,0.0012997937998999386
20060412_58054_0200_PP,Messidor,0,0,0.8648049379328624,0.8648049379328624,0.0424282369399436,0.08686297817967951,0.004312915965311877,0.0015909428391968328
IM004169,Messidor,0,0,0.9230400979045076,0.9230400979045076,0.030842111108556964,0.03427541570150654,0.008896706383284957,0.002945687970777716
20060412_61222_0200_PP,Messidor,2,2,0.4801350400365583,0.2174083586951179,0.29679557541218415,0.4801350400365583,0.0044888244847432705,0.001172214447824181
20051201_38164_0400_PP,Messidor,0,0,0.6752728439931086,0.6752728439931086,0.20493571768235305,0.1160145934821773,0.0028694112805685073,0.0009074376733310352
20060523_48425_0100_PP,Messidor,1,0,0.916211867045162,0.916211867045162,0.06272484747758632,0.019296901082173572,0.00058319027282029,0.00118319262153172
20051205_59858_0400_PP,Messidor,0,0,0.8316426413350722,0.8316426413350722,0.07955404897669341,0.08493029825922387,0.003419681721672872,0.0004533651846200582
20051214_41490_0100_PP,Messidor,2,3,0.4843664168692834,0.2667134463927186,0.06638074694788544,0.17147683419930917,0.4843664168692834,0.011062567248419407
942f544c4e15,APTOS,0,0,0.9429641009556194,0.9429641009556194,0.014686840925046643,0.03173562287306036,0.006082608281636042,0.004530860423751033
b351ae99413a,APTOS,0,0,0.9731661944521226,0.9731661944521226,0.020758730909146976,0.006003741896574909,3.371712127025688e-05,3.761418184875193e-05
956765d5f46d,APTOS,0,0,0.9397875306148618,0.9397875306148618,0.03552938250730327,0.018838083106586405,0.0024901320565404762,0.0033548849125533604
20060412_59175_0200_PP,Messidor,0,0,0.51381842701515,0.51381842701515,0.3901596330709808,0.09413859358721177,0.001194596362734671,0.0006887314862418807
f9d52509c571,APTOS,0,0,0.9386780265835546,0.9386780265835546,0.028921958868958927,0.028651201647324036,0.003019580089927521,0.0007292599501791384
77543f66a84a,APTOS,2,2,0.8692554432564247,0.02184017700520699,0.01254542429896939,0.8692554432564247,0.05557766699634396,0.04078130067558537
20051214_42197_0100_PP,Messidor,0,0,0.4055416639662647,0.4055416639662647,0.37843360225023587,0.21208254373931937,0.002130353674102348,0.0018118256141063337
IM000725,Messidor,1,0,0.9391262550456569,0.9391262550456569,0.01469639363161046,0.045104640817979005,0.00012954377681420552,0.0009431736336729101
4c17e85686f0,APTOS,0,0,0.9164585350885135,0.9164585350885135,0.024159241112017584,0.03281222129602772,0.023830311009891816,0.0027397094303167426
IM003879,Messidor,0,0,0.7942976451572823,0.7942976451572823,0.07299150007850892,0.1281159817530362,0.003604410293668387,0.000990450733714959
11b5c77fbf79,APTOS,2,0,0.5949284129387649,0.5949284129387649,0.018306080187573705,0.3289144696470429,0.02995785955737953,0.02789317760528738
20060529_57174_0100_PP,Messidor,1,2,0.5113569563683606,0.19071122102545995,0.2644438545124721,0.5113569563683606,0.028214777080835297,0.005273207501723854
20060523_50342_0100_PP,Messidor,0,0,0.5269007024579123,0.5269007024579123,0.40375921808358617,0.06465932093492313,0.0034045975301563135,0.0012761549540332292
IM001514,Messidor,0,0,0.920037224766902,0.920037224766902,0.03294261585799016,0.043158682812656404,0.0025698716210924536,0.0012916604966463718
IM002703,Messidor,0,0,0.8880596389425361,0.8880596389425361,0.03419120742565541,0.05696898164820753,0.003426942468480294,0.01735323012692358
20060411_58051_0200_PP,Messidor,1,0,0.7526193691173197,0.7526193691173197,0.19443979137372516,0.048442544055372065,0.0021633616236625174,0.0023349363323071754
ea68b58a6e8f,APTOS,0,0,0.9762943381326461,0.9762943381326461,0.012768370930160396,0.008974656929170363,0.0009423014057739997,0.0010203586842236231
IDRiD_175_train,IDRiD,0,0,0.8029020662152908,0.8029020662152908,0.1445588150649385,0.046533952543875545,0.0033638674930154253,0.0026412999604326784
f0e1201b5c1f,APTOS,0,0,0.9546053452198445,0.9546053452198445,0.016947175823683297,0.02033503520657848,0.004868522577594408,0.003243925125240961
20060530_51254_0100_PP,Messidor,0,0,0.6131079204910717,0.6131079204910717,0.14614834644794672,0.23747091564803602,0.0027865545254366197,0.00048627306992457173
20060412_59037_0200_PP,Messidor,1,0,0.5341747780371499,0.5341747780371499,0.07797487942555226,0.37034577617008935,0.015435630691169405,0.0020689245198901164
IM004554,Messidor,0,0,0.9196838572074707,0.9196838572074707,0.030705846411389633,0.04499259952353037,0.0039805170732884285,0.0006371795034547381
IDRiD_140_train,IDRiD,0,0,0.5912924157437379,0.5912924157437379,0.06634342150909721,0.3250388738579578,0.011701806732454214,0.005623499198577444
20051116_55656_0400_PP,Messidor,2,0,0.9446157633957794,0.9446157633957794,0.02321113286597354,0.031946271654540746,0.0001129787518115879,0.00011385998353822493
IM001581,Messidor,0,0,0.8441368572203118,0.8441368572203118,0.13692513637390838,0.015670037600864415,0.0014997421412250027,0.0017682249704356946
IM000984,Messidor,1,0,0.8777226349946186,0.8777226349946186,0.06788024941815345,0.04951706141063765,0.0029831428514106636,0.0018969289403269669
8f10e41a2f02,APTOS,0,0,0.9173994574929616,0.9173994574929616,0.05140034749075526,0.02540799250863584,0.0032646208456761873,0.002527577995169873
20060412_52587_0200_PP,Messidor,1,1,0.4717101568881576,0.4655463838787095,0.4717101568881576,0.060371152311486515,0.0016330215004678277,0.0007392956145081778
653534ded339,APTOS,2,2,0.6335732068734663,0.2203603627283765,0.09984313115535241,0.6335732068734663,0.02963563967025098,0.016587659122976425
03a7f4a5786f,APTOS,4,2,0.41368554140606906,0.2923235567096625,0.028933464391732073,0.41368554140606906,0.08497885457648693,0.18007859434083484
IDRiD_034_test,IDRiD,3,2,0.5969915923653644,0.03664721958429864,0.012547730031916145,0.5969915923653644,0.3423093001976282,0.011504153312595154
20060410_39976_0200_PP,Messidor,1,1,0.5910465032994369,0.22170222213722124,0.5910465032994369,0.17343673940766796,0.008013386076725365,0.005801166411811503
20060411_51985_0200_PP,Messidor,2,1,0.3995832787972184,0.245918218674896,0.3995832787972184,0.3500438022260248,0.0023157197904876926,0.0021389671324189958
20051130_59850_0400_PP,Messidor,0,0,0.7980780281055946,0.7980780281055946,0.06237949010412831,0.13816643172659054,0.0011077828491677935,0.00026827398723873106
a4ee03ecff60,APTOS,0,0,0.9725278366992676,0.9725278366992676,0.010097361711581312,0.01508201267541071,0.0013707443347390042,0.0009220508743925292
IDRiD_007_train,IDRiD,4,4,0.7669702708695831,0.12977065656530817,0.008657248165845472,0.06961272370270769,0.024989105416545917,0.7669702708695831
389552047476,APTOS,0,0,0.9360919939839614,0.9360919939839614,0.026864783210605262,0.03672184227043477,0.00020790699953927288,0.00011350443434515971
20051130_55012_0400_PP,Messidor,0,0,0.8271478465370453,0.8271478465370453,0.12306831388490484,0.040339287817238945,0.007367375893231402,0.002077197905713378
IM002695,Messidor,0,0,0.8476952559941474,0.8476952559941474,0.11054962944665092,0.040626105343993114,0.00011583552856337778,0.0010131596561516868
IM002034,Messidor,0,0,0.5429793086240593,0.5429793086240593,0.025450665175197947,0.4060058886759671,0.008449519244989047,0.017114626444943125
20051021_59243_0100_PP,Messidor,3,3,0.46033090823881173,0.044201650819208946,0.03970613308707993,0.4234919217880434,0.46033090823881173,0.03226940397542897
IM000916,Messidor,0,0,0.9466949985757542,0.9466949985757542,0.021870231176321673,0.021361997661207482,0.003668414616273262,0.006404360021976344
20051205_57879_0400_PP,Messidor,0,0,0.7288015652636048,0.7288015652636048,0.1471996630945569,0.11905501510777423,0.003783697406813832,0.001160053854622225
20051021_57975_0100_PP,Messidor,0,0,0.9476921001348897,0.9476921001348897,0.02202151376138845,0.0198653994105031,0.001883094245165094,0.008537860798217731
IM001539,Messidor,0,0,0.9503166662188428,0.9503166662188428,0.027688434121009596,0.020369968103230062,0.0005265661956772353,0.0010983730539710296
20051116_59168_0400_PP,Messidor,2,2,0.550493518445865,0.136609239283968,0.09137524188683806,0.550493518445865,0.19098637308272737,0.03053561742138315
IM001582,Messidor,0,0,0.613895696209699,0.613895696209699,0.3283469748428803,0.05626689541072471,0.001339651016018225,0.00015077466008262054
IM002356,Messidor,0,0,0.8617004097072547,0.8617004097072547,0.11244844473765164,0.02395015001158525,0.0018384375958087926,6.25863359254717e-05
IDRiD_188_train,IDRiD,2,0,0.7708318915249667,0.7708318915249667,0.08707551460425965,0.13518125302263742,0.0039049672848580136,0.0030063931339528727
54cab3596214,APTOS,2,2,0.37345328743705664,0.2106500929194219,0.01819560802789086,0.37345328743705664,0.24859978421102333,0.1491012333233116
d38cf0f4a9af,APTOS,0,0,0.9663662836720532,0.9663662836720532,0.013355389282502869,0.018384947303435234,0.0013601829347925144,0.0005331943744855245
IM002894,Messidor,0,0,0.9038641446549016,0.9038641446549016,0.03838205854409757,0.045822514372284365,0.0069165781765859686,0.005014705760695064
IDRiD_198_train,IDRiD,1,0,0.6343323856671883,0.6343323856671883,0.3054995622432482,0.05463986180397055,0.0030930665707496387,0.002435109808382228
20060407_46394_0200_PP,Messidor,2,1,0.449647758105959,0.24836240910866297,0.449647758105959,0.2462921576576049,0.050614938277945734,0.005082749642492848
20051214_50895_0100_PP,Messidor,2,2,0.46664109178369295,0.28899795975336334,0.23326634679691963,0.46664109178369295,0.0060601056409129396,0.005034500872430773
20060523_48890_0100_PP,Messidor,0,0,0.8380892087424665,0.8380892087424665,0.13405457245014912,0.02487793957530806,0.002901054391294557,7.721822346604422e-05
f0a2dc580009,APTOS,0,0,0.73766157565234,0.73766157565234,0.24094332121879236,0.01604828802753901,0.0009855497121290986,0.004361287784992049
IDRiD_207_train,IDRiD,3,2,0.597656295012988,0.0956901741484447,0.2343335840668987,0.597656295012988,0.06165090002641255,0.010669055783527318
IDRiD_052_train,IDRiD,2,2,0.8039903900272096,0.0416094134004993,0.016692277673373855,0.8039903900272096,0.07362813399296453,0.06407977691848328
IM000553,Messidor,0,0,0.9562573340577721,0.9562573340577721,0.026262651036101967,0.015784507516649816,0.0005208410123193751,0.0011746533572895572
0e75d51152fc,APTOS,2,2,0.5611765498364767,0.14948505592759448,0.23690888115379197,0.5611765498364767,0.04381481841934497,0.008614720406661747
20051214_56565_0100_PP,Messidor,2,0,0.5539022018457438,0.5539022018457438,0.3097641473312569,0.1289560799596774,0.004120593052810832,0.0032569755855999544
20060410_41077_0200_PP,Messidor,1,1,0.36740692821304755,0.29648767523822267,0.36740692821304755,0.30784491638633693,0.014406826251263776,0.013853657696159014
20060411_60283_0200_PP,Messidor,2,1,0.4734869225536337,0.15577556543387872,0.4734869225536337,0.367380084628181,0.002779127545626747,0.0005782710910842309
IM003893,Messidor,0,0,0.8462884120730155,0.8462884120730155,0.04948139260136209,0.07948348932225917,0.007841517348433354,0.01690518506344794
IM001948,Messidor,0,0,0.8584806886382892,0.8584806886382892,0.03578872112487974,0.08805471251019172,0.0056264901222249026,0.012049384325512695
5b47043942f4,APTOS,0,0,0.5267928577457722,0.5267928577457722,0.05901872251314207,0.40401639058024164,0.002281824102973738,0.007890217715930492
6b66b0e86f7e,APTOS,0,0,0.9864401717516591,0.9864401717516591,0.008444765520146036,0.0037434450997987892,2.6091367112613568e-05,0.0013455248608622895
20060410_40274_0200_PP,Messidor,2,0,0.6257988474482127,0.6257988474482127,0.3439674878477311,0.028508375422669183,0.0006831648582962886,0.0010421495594181392
20051116_43954_0400_PP,Messidor,1,0,0.7120253289015813,0.7120253289015813,0.16039023219203194,0.12557214189300686,0.0008774446315533594,0.0011348680930604936
07929d32b5b3,APTOS,1,2,0.7015973774956938,0.16229093238098882,0.026833679737091026,0.7015973774956938,0.05748586490670917,0.0517921345525608
20051205_58037_0400_PP,Messidor,0,0,0.9360349925260416,0.9360349925260416,0.026882032123582107,0.03320126011201083,0.0023672651099930922,0.0015144433268839462
165c548185f8,APTOS,0,0,0.9721772139221946,0.9721772139221946,0.010902042485172847,0.014887676384953941,0.0010919495803151308,0.0009411052950672115
IDRiD_339_train,IDRiD,3,2,0.6395359252112138,0.02589317653121277,0.008216512298208073,0.6395359252112138,0.3055049916846029,0.02084939776443403
20051116_54825_0400_PP,Messidor,2,0,0.47327032174139444,0.47327032174139444,0.10048168198189084,0.42010563645355214,0.004734547696162719,0.0014078198701507423
14e3f84445f7,APTOS,3,2,0.5369917664431045,0.013809232686013457,0.010453573950624389,0.5369917664431045,0.12099039767817896,0.3177550347353741
e0d229db881a,APTOS,0,0,0.9583158414408114,0.9583158414408114,0.014908257814404396,0.021570255182939292,0.004233251131240302,0.0009724129795756351
IDRiD_185_train,IDRiD,2,2,0.8572595209259095,0.06952667923995647,0.008338761249828554,0.8572595209259095,0.05289286841507808,0.0119821767227591
1a369baf9ee6,APTOS,2,2,0.4630964388007802,0.0891790964968844,0.02428248637003731,0.4630964388007802,0.05063522907849235,0.3728067533444258
18621b9ca978,APTOS,0,0,0.8737417398271641,0.8737417398271641,0.06842381790265264,0.040864755291177536,0.006434481453761902,0.010535210612670175
20051021_36380_0100_PP,Messidor,0,0,0.47810835208800245,0.47810835208800245,0.10101378416592179,0.4157441037426881,0.0030472812203710697,0.0020864777950182064
IDRiD_003_train,IDRiD,2,2,0.7554530076578132,0.15360446036528785,0.05138391652511779,0.7554530076578132,0.018071691890890265,0.021486940466291248
15c24478ac72,APTOS,0,0,0.8305161622202819,0.8305161622202819,0.14041384684164138,0.026018962920246115,0.0025960602164409406,0.0004549820747124143
20051205_60119_0400_PP,Messidor,0,0,0.8287603552889403,0.8287603552889403,0.09962148126759424,0.061568700467362965,0.007403147006647394,0.002646286566753249
IM000768,Messidor,1,0,0.7017716054837032,0.7017716054837032,0.2238480721394948,0.07245585939853726,0.0012586907281648368,0.0006657887504483085
IM001245,Messidor,2,0,0.9364743746513027,0.9364743746513027,0.02601722315065361,0.03598513879955088,0.0005103701750269614,0.0010128754710644185
891329021e12,APTOS,0,0,0.9630778172041883,0.9630778172041883,0.013470922882926126,0.018642222384766538,0.003554180788517,0.0012548684638262315
81371b0c01ad,APTOS,0,0,0.9218842055097416,0.9218842055097416,0.03087235188827715,0.04257340412871784,0.002140189685596774,0.0025298231430396145
242fc19be06f,APTOS,0,0,0.9753085920989235,0.9753085920989235,0.015455341146824706,0.008739176050671107,0.0004727848844682555,2.4106322742252224e-05
9f935fb38440,APTOS,0,0,0.9342355782833608,0.9342355782833608,0.019448336685085884,0.025861484073563614,0.005809546183656265,0.014645010250396762
IM001985,Messidor,0,0,0.7107588179269264,0.7107588179269264,0.2626659123158178,0.025028462103889662,0.0006775119525966279,0.0008693153210116056
a85cda5f725d,APTOS,0,0,0.9826867789690277,0.9826867789690277,0.009127124794991656,0.0076797189890923335,0.00047927854970580787,2.7084308120923277e-05
IDRiD_312_train,IDRiD,0,0,0.7080826420743866,0.7080826420743866,0.0347161628168708,0.2485395407050915,0.002965255989274111,0.005696410925099013
bffca6eeb2bf,APTOS,0,0,0.9605363783161641,0.9605363783161641,0.031624711944254535,0.006900171085708349,0.0009202614905422146,1.846800301092676e-05
IM001103,Messidor,0,0,0.8307082847359212,0.8307082847359212,0.1457820053484909,0.020978563365040108,0.0010144218573553858,0.0015167219907966623
20051201_37534_0400_PP,Messidor,0,0,0.5863178563778487,0.5863178563778487,0.23332062709867415,0.17239378146760992,0.007085795899147937,0.0008819454192127323
f09fd9433dff,APTOS,0,0,0.9846363417797744,0.9846363417797744,0.006648746885353801,0.008181214321247509,0.0005054985437900661,2.8192263654291664e-05
bb08949dd70a,APTOS,0,0,0.9690580562241244,0.9690580562241244,0.011796873755730602,0.015801383028724553,0.001449887898254269,0.0018937762131383705
IM001227,Messidor,0,0,0.9411774125078372,0.9411774125078372,0.035178175840386086,0.021733137750595457,0.0009535564773670803,0.0009577104371298773
20060407_39780_0200_PP,Messidor,0,0,0.5522138365685516,0.5522138365685516,0.3054433660318471,0.1290105077165536,0.006018409091919639,0.007313867579609683
IM000888,Messidor,0,0,0.9491207353648246,0.9491207353648246,0.02389411704502091,0.02250457270856537,0.001915144708185951,0.002565439144371838
a9b3177f01c0,APTOS,0,0,0.9175519044592616,0.9175519044592616,0.04207510651848367,0.026434018416153983,0.004525172848691356,0.009413773724179475
365f8c01d994,APTOS,1,0,0.5231923679569298,0.5231923679569298,0.03934446081703527,0.4106180995794,0.018079902884453738,0.00876519211953702
IDRiD_031_train,IDRiD,4,4,0.4379777179728953,0.10758761234361758,0.021115477733881765,0.1687636822340403,0.2645555126056521,0.4379777179728953
0f495d87656a,APTOS,1,2,0.7114238405968022,0.039457285356244556,0.15287071679930114,0.7114238405968022,0.029322441195757398,0.06692569329423119
IDRiD_059_train,IDRiD,2,2,0.6346837373912693,0.15097794339623966,0.03363056798478234,0.6346837373912693,0.14793231893383196,0.032775409870907345
IM001124,Messidor,0,0,0.9267345497839207,0.9267345497839207,0.03350690071757045,0.03173536228120339,0.006570043257102313,0.0014531620877371657
bc92a61a1f9c,APTOS,0,0,0.9295074522223757,0.9295074522223757,0.051870603539439425,0.017211138350268145,0.0013834290054291422,2.737409690138861e-05
20060410_44364_0200_PP,Messidor,0,0,0.8073096478167197,0.8073096478167197,0.1395010821164166,0.04787624818465251,0.004536239059262287,0.0007767783049743545
20051020_44261_0100_PP,Messidor,0,0,0.9584092138851731,0.9584092138851731,0.02365377697075177,0.01617959385683308,0.000507397938842925,0.001250035827491538
e067b06fd655,APTOS,0,0,0.9453404181329804,0.9453404181329804,0.02273131872993657,0.026376468640891236,0.0018472307458365408,0.0037045843911641314
eb050765b323,APTOS,0,0,0.9823898005840136,0.9823898005840136,0.009053031106089307,0.007921473078248004,0.0005833662184422726,5.234864361342376e-05
c56293f53191,APTOS,0,0,0.9796934957530332,0.9796934957530332,0.012904892667827905,0.00724830179711104,8.57452155740343e-05,6.756419505418406e-05
8b568d47a1fd,APTOS,0,0,0.9824099759114504,0.9824099759114504,0.008955182027031938,0.007264674863228623,0.0004672626658816603,0.0009029201911677423
c3789c1dab96,APTOS,0,0,0.9375016908141196,0.9375016908141196,0.013025761005368317,0.03955319454785958,0.002944374871835422,0.006974966173976038
IM001336,Messidor,0,0,0.8331987506297915,0.8331987506297915,0.11983081232201614,0.039215032452554484,0.004898607077377361,0.0028568205820770653
IDRiD_013_train,IDRiD,3,0,0.42141334460807534,0.42141334460807534,0.021675800994464478,0.38842934899906023,0.13230897445677745,0.03617253678574836
20051216_46847_0200_PP,Messidor,3,2,0.34030253864658483,0.06499605981906603,0.3375060175266243,0.34030253864658483,0.24779849874532026,0.00939688225169007
135575dc57c9,APTOS,2,4,0.5943341124845045,0.04046432781433924,0.018004968673627858,0.26658941648062545,0.08060717926209011,0.5943341124845045
20051214_42323_0100_PP,Messidor,0,0,0.7387506500455787,0.7387506500455787,0.14353522450561723,0.10733532204322561,0.007079979074946611,0.0032988224722471436
e60e4edb3ca9,APTOS,0,0,0.9328510731189689,0.9328510731189689,0.022128160026043783,0.03961280710113167,0.002962935309474934,0.002445009137297866
20060412_61299_0200_PP,Messidor,1,0,0.4735370774221623,0.4735370774221623,0.3141848404027745,0.11845515618448973,0.015081820363071863,0.07874110469771092
IM001231,Messidor,2,2,0.5713863456130857,0.34597213045929576,0.05710285474803366,0.5713863456130857,0.010842031536310477,0.014696647310916076
b3f31c371e59,APTOS,0,0,0.9694095883496331,0.9694095883496331,0.00844702240538068,0.017208685879390347,0.0025919748225189908,0.0023427179891838757
a963ac561580,APTOS,0,0,0.9798865410821906,0.9798865410821906,0.012146653977083142,0.007467345518746535,2.8945586839649423e-05,0.00047049137809287647
537e5c578f40,APTOS,0,0,0.8471636106653486,0.8471636106653486,0.016276740860529642,0.030967349348935396,0.09622868143715019,0.009363602888621867
9ac41b9a809e,APTOS,0,0,0.9742831305016918,0.9742831305016918,0.011887612639507304,0.011676913493810274,0.0010091268964357715,0.0011432195126587028
IDRiD_028_train,IDRiD,4,3,0.7829428313142173,0.01023556251846153,0.004326672095266658,0.061994211456465255,0.7829428313142173,0.1405007024138331
969f92a390db,APTOS,0,0,0.9581359561308587,0.9581359561308587,0.01840569483193058,0.020719130767797037,0.0010850545806470368,0.0016541785992971304
ad20080452de,APTOS,0,0,0.9697948932628734,0.9697948932628734,0.015778230954754814,0.01292830385150539,0.0014824379949045395,1.6153796197034104e-05
IM000299,Messidor,0,0,0.9768836031607062,0.9768836031607062,0.014147573998180635,0.008500540300781921,0.0004553779566581566,1.2886997630871093e-05
20051020_44714_0100_PP,Messidor,0,1,0.38232437333142844,0.3005073805320781,0.38232437333142844,0.3117493685483966,0.003295174263203441,0.0021237060039777217
IDRiD_220_train,IDRiD,0,0,0.8821385139919681,0.8821385139919681,0.06292149786913459,0.04940790995946394,0.002943955942891331,0.00258812736771817
IM004036,Messidor,0,0,0.9688493372158142,0.9688493372158142,0.015156998071787598,0.014576883727862035,0.0009086646843997186,0.0005081240927934375
a56729de89e9,APTOS,2,2,0.6523405238560016,0.06590020142235804,0.032190106721461186,0.6523405238560016,0.1799814343543888,0.0695877382893833
fce73678f650,APTOS,0,0,0.714192428321051,0.714192428321051,0.13100346456499556,0.05141106718943832,0.031074240688518946,0.0723188211490743
IDRiD_060_train,IDRiD,2,2,0.6113542616256402,0.20844074030014184,0.021053918177676573,0.6113542616256402,0.14532452524534067,0.01382655399789633
20060411_58071_0200_PP,Messidor,0,1,0.582762820637101,0.35361019268624655,0.582762820637101,0.059754264325301745,0.0026003528475958128,0.0012723856570031097
0fe31196e0e8,APTOS,0,0,0.9758305948540138,0.9758305948540138,0.01017397596086273,0.013399516817514594,0.0005233407087092757,7.255479418623743e-05
20051116_54587_0400_PP,Messidor,1,2,0.6388593197433278,0.21320869155351319,0.10367434459793957,0.6388593197433278,0.03960999448119384,0.004647660350318984
20051130_55004_0400_PP,Messidor,0,0,0.8924225820278195,0.8924225820278195,0.08198320262306447,0.02298238206448691,0.0024794428360408248,0.000132379619146587
IM001088,Messidor,2,0,0.7293033110962335,0.7293033110962335,0.2462035334681655,0.02292442504719698,0.0014775178815271954,9.12163769444575e-05
IDRiD_336_train,IDRiD,0,0,0.9470518731593647,0.9470518731593647,0.019358572255421775,0.024702244335106167,0.005538904187871778,0.0033484065713223388
d667af5742f6,APTOS,0,0,0.903647667816715,0.903647667816715,0.04525582056709645,0.04295684751712066,0.00459771871324304,0.003541936845382508
eabc7c716255,APTOS,0,0,0.9119803070550156,0.9119803070550156,0.03165353398739046,0.03808923114725001,0.008254019764849714,0.010022901639181155
IM000012,Messidor,2,0,0.8391429692758365,0.8391429692758365,0.06448510466547092,0.09483839408511671,0.0006921376246573418,0.0008414181737545495
IDRiD_048_train,IDRiD,2,4,0.4340019078698055,0.014188711196593583,0.005243414848026928,0.3832119882477228,0.1633539981806868,0.4340019078698055
84b472c49cfa,APTOS,0,0,0.9599514937707336,0.9599514937707336,0.02018169618625075,0.016962121562016576,0.0013259930399505486,0.001578732407130916
IM000834,Messidor,1,0,0.6084612716491933,0.6084612716491933,0.13470944079551828,0.25328348222493763,0.001923654577503086,0.0016221817342703976
IDRiD_033_train,IDRiD,4,4,0.8905206322218633,0.014452137530881124,0.004696202446775492,0.05333748551581261,0.03699355569942731,0.8905206322218633
e2ec22b3d07e,APTOS,0,0,0.8520417990789578,0.8520417990789578,0.03268189499223474,0.10381165500875936,0.004685457041629444,0.006779196130267691
cf8f1bc7a215,APTOS,0,0,0.9647407800115633,0.9647407800115633,0.010128284435324757,0.018359555399715212,0.004600144781225193,0.002171227729556886
IDRiD_194_train,IDRiD,1,0,0.841416274027921,0.841416274027921,0.06714957167521414,0.08087625205173733,0.005938839063626733,0.004619090703376032
d16e59a2b33a,APTOS,0,0,0.9853010899199334,0.9853010899199334,0.008957969607625,0.005264858529787367,1.7776621735278103e-05,0.00045828276560034166
20051216_45899_0200_PP,Messidor,1,1,0.5170133689946663,0.4220675089662459,0.5170133689946663,0.05880134869335806,0.0017684923006997602,0.0003492855412847061
IM002441,Messidor,0,3,0.3753763110252064,0.1359790336426047,0.01966708357599957,0.1488209950994603,0.3753763110252064,0.3201565900751268
d7ab5c040294,APTOS,0,0,0.9456290704461368,0.9456290704461368,0.01845641024755883,0.02788980464301385,0.004839862015382377,0.0031848396304781004
7ae69d22075a,APTOS,1,0,0.9715548627368737,0.9715548627368737,0.01489232546426676,0.012125381278840622,0.0013895858280224558,3.784197425281259e-05
18cde9649e90,APTOS,0,0,0.9475036245203959,0.9475036245203959,0.021410952579826587,0.026080636640389895,0.0017336534895859507,0.0032711231597934765
20060523_45467_0100_PP,Messidor,0,2,0.5582269683812537,0.37809491802901973,0.0451203812893561,0.5582269683812537,0.013567024810860336,0.004990743593434255
IDRiD_334_train,IDRiD,3,2,0.5640386847564722,0.04370724849019276,0.13354642965647312,0.5640386847564722,0.19584361478643741,0.06286402645197625
IDRiD_152_train,IDRiD,0,0,0.6409981449094461,0.6409981449094461,0.19691030224287234,0.13613654817778692,0.013124160743196799,0.012830842489409097
0415fc68b176,APTOS,2,2,0.3860926487439852,0.3204079056942677,0.09951793332919096,0.3860926487439852,0.03852411663299019,0.15545741913154482
20051202_55735_0400_PP,Messidor,2,0,0.6413420690442361,0.6413420690442361,0.17499174597952483,0.10113681163484721,0.07357724795619164,0.008952117339523025
20051020_44349_0100_PP,Messidor,2,0,0.3742400633170199,0.3742400633170199,0.0915166285978892,0.355280156830856,0.16545736531959176,0.013505802307079645
a2d349f567a6,APTOS,2,2,0.6235105499941711,0.32342065436614637,0.03908551559485753,0.6235105499941711,0.009982951570201081,0.004000333729397108
20060523_50539_0100_PP,Messidor,3,2,0.6546992656372683,0.06871917051412853,0.07077577383320352,0.6546992656372683,0.19594619404596764,0.009859608383747559
IM002456,Messidor,0,0,0.4381152673588164,0.4381152673588164,0.18603237548186485,0.34437693408737247,0.01320792100684761,0.018267513955545357
20051214_51921_0100_PP,Messidor,2,2,0.8208536561161515,0.0532769016844441,0.038871448906465184,0.8208536561161515,0.03860322606703358,0.04839476689274348
IDRiD_080_test,IDRiD,0,0,0.9117519179311259,0.9117519179311259,0.018066105877370554,0.04499802548307575,0.015028122961790685,0.010155835310912749
d97911a32918,APTOS,0,0,0.9772821626316446,0.9772821626316446,0.009042832877293237,0.009941030074820187,0.0018457337292020948,0.0018882396598285094
922586d86cd8,APTOS,0,0,0.9285790081399543,0.9285790081399543,0.0581378472848664,0.012087736540819028,0.0002023024316565422,0.0009930922063554727
5d74f98d62be,APTOS,4,2,0.38836951872662123,0.07961981407272384,0.2413853449471948,0.38836951872662123,0.06342838855379553,0.22719693866601443
IM002853,Messidor,0,0,0.9335258421012779,0.9335258421012779,0.044473205720219226,0.020430410479761924,0.00055820516493402,0.0010123513206531983
20060411_61494_0200_PP,Messidor,2,0,0.6405652157384985,0.6405652157384985,0.23628886868948246,0.1120652920267528,0.0035123032700552794,0.0075683269415202994
IDRiD_260_train,IDRiD,2,0,0.8049758721007302,0.8049758721007302,0.031046262720650045,0.1472796522522861,0.005786357036523296,0.010911848327984358
IDRiD_275_train,IDRiD,0,0,0.7919911601759955,0.7919911601759955,0.030018584771638986,0.1263444143166221,0.03905805479880086,0.012587778239601978
IM002658,Messidor,0,0,0.9567786524670245,0.9567786524670245,0.025002327945869048,0.01725699115732684,0.0009397306322834195,2.2257294639040793e-05
20051116_44804_0400_PP,Messidor,1,0,0.8248120893294895,0.8248120893294895,0.09874277969980888,0.07207038609321487,0.0035062555159961024,0.0008684870492680633
20060407_44529_0200_PP,Messidor,0,1,0.5245702379696866,0.423682898002729,0.5245702379696866,0.0475387296285219,0.003817975633349644,0.0003901827733574642
IM000198,Messidor,0,0,0.8997810190153197,0.8997810190153197,0.046592884976426656,0.05300642385792263,0.000531489018813503,8.818339725756966e-05
20060523_48136_0100_PP,Messidor,0,2,0.5088064146980532,0.3012122758296765,0.08492464096395508,0.5088064146980532,0.09912961707932094,0.005927060641888475
IDRiD_214_train,IDRiD,0,0,0.609893889970255,0.609893889970255,0.33035131338015256,0.04832354978460796,0.005261103315265706,0.006170178497734577
115e42dd6a81,APTOS,2,2,0.5782966193458954,0.02693366827771585,0.0714398280731342,0.5782966193458954,0.07030286565287511,0.2530270240879612
20060411_58238_0200_PP,Messidor,2,2,0.5379174587543735,0.13790544044121036,0.21665471696753888,0.5379174587543735,0.10487800662246059,0.0026443626203777413
20051130_58716_0400_PP,Messidor,0,0,0.8473482716648578,0.8473482716648578,0.055213078120682414,0.08866526103513322,0.005314695526575789,0.0034586920166095663
IDRiD_309_train,IDRiD,3,3,0.4027709292811841,0.023005237524948558,0.006184073773810468,0.3118613073704834,0.4027709292811841,0.2561784567022613
20060411_61060_0200_PP,Messidor,1,0,0.6937703574719809,0.6937703574719809,0.18594403950784927,0.11297690721354148,0.006032078530995495,0.00127663412828267
IM001181,Messidor,0,0,0.9543903924491234,0.9543903924491234,0.025137235209828787,0.019014289649052347,0.000957185794470732,0.0005009202632934443
20051212_36548_0400_PP,Messidor,1,0,0.7252767130653113,0.7252767130653113,0.06058415926757386,0.20620313629641013,0.00692760062900681,0.0010083896209135237
4dd14c380696,APTOS,0,0,0.952107109826714,0.952107109826714,0.015148554602139229,0.02353744364146559,0.0051480021651276525,0.004058890838152362
20051201_37557_0400_PP,Messidor,0,1,0.3586789038310474,0.3251590427466782,0.3586789038310474,0.31018793035358844,0.004932024851395771,0.0010420896477440645
bdf47b9f10c4,APTOS,0,0,0.9866660773691367,0.9866660773691367,0.00966781465537481,0.0032076663583121374,0.0004532708106526672,5.177656696286831e-06
7e77b61e1639,APTOS,0,0,0.9747064899441882,0.9747064899441882,0.012887912183334283,0.011826974280407616,2.8563702459224277e-05,0.0005500521713018512
IM001752,Messidor,4,3,0.5461278697136733,0.06150826199944809,0.007251740442230704,0.0968422076133997,0.5461278697136733,0.2882699362718576
3cd9713c0ecb,APTOS,0,0,0.977127349851454,0.977127349851454,0.010074199105895814,0.011300332543472588,0.0005130591630396752,0.0009850542238458108
IM003856,Messidor,0,0,0.9026073956001188,0.9026073956001188,0.0727208689821316,0.02345617368737585,0.0005399828603829038,0.0006755837908659483
12e3f5f2cb17,APTOS,1,2,0.8293150101532829,0.06732615122268226,0.08402909350150593,0.8293150101532829,0.005289082986959095,0.014040659022991862
06be1092a062,APTOS,0,0,0.9323833060949421,0.9323833060949421,0.010962377055105077,0.028648456887675304,0.010441475409764733,0.01756441034293757
c98f623d08d1,APTOS,0,0,0.949203224311045,0.949203224311045,0.026719683671867344,0.022359267175419105,0.00015386370796702462,0.0015639751742788591
IM000500,Messidor,1,0,0.9694016459926106,0.9694016459926106,0.016318849598983626,0.012901084144616807,1.652327333228948e-05,0.0013618857479055998
28503940d10b,APTOS,0,0,0.9523657694767083,0.9523657694767083,0.012404626829645316,0.020593927079319667,0.004558531728700232,0.010077164134518831
1c0cf251b426,APTOS,1,1,0.6313070204174602,0.07009370183048441,0.6313070204174602,0.2626914608848451,0.007851115269790177,0.02805669895959833
20060407_44866_0200_PP,Messidor,0,0,0.5730273943366189,0.5730273943366189,0.3381025161743053,0.08362002064928369,0.00480763517105086,0.0004424277003500246
IDRiD_397_train,IDRiD,2,0,0.5635252297984141,0.5635252297984141,0.036881592945377725,0.24491841781500165,0.1255052769507998,0.029169482462834795
359bab5d784b,APTOS,0,0,0.9786062051261853,0.9786062051261853,0.013265222452141992,0.007632106408280833,0.00048579038289980637,1.0712474140754636e-05
20051116_59150_0400_PP,Messidor,2,1,0.4883710605953586,0.2553994503778287,0.4883710605953586,0.22553720881278458,0.028923720457411282,0.0017685782827368518
IDRiD_208_train,IDRiD,2,0,0.873278750459576,0.873278750459576,0.09561036409726809,0.0291330733218656,0.001422984125663012,0.00055484200621972
20051214_57230_0100_PP,Messidor,2,2,0.615419480449116,0.08508848702289684,0.021651696054702012,0.615419480449116,0.2250703840758706,0.052769982303132325
IM004811,Messidor,1,0,0.6223166684742316,0.6223166684742316,0.02193742897565413,0.33506860341695743,0.016969255829162276,0.0037080403617195906
20060411_61478_0200_PP,Messidor,3,2,0.6866238808680389,0.05078204637947055,0.08891606500516479,0.6866238808680389,0.15540875205192428,0.018269246223636515
93a1b984de84,APTOS,0,0,0.9793534400464863,0.9793534400464863,0.007821985217074601,0.011125506736483779,0.001141258976823382,0.0005578308203033998
13d71389563f,APTOS,2,2,0.5739148635828834,0.05373280610362882,0.033528295468293154,0.5739148635828834,0.31949167606764467,0.019332337751564326
18ce0cdc473d,APTOS,0,0,0.6867522359958667,0.6867522359958667,0.2645378216042089,0.03297961961976862,0.007859679156681438,0.007870641439490435
IDRiD_377_train,IDRiD,3,2,0.3675589198777649,0.03588676078113189,0.011940669060510473,0.3675589198777649,0.2417278426730512,0.3428857872072883
360832d84ce0,APTOS,0,0,0.9374433687615967,0.9374433687615967,0.023053300720088776,0.028550953560405122,0.005053512941908207,0.0058988751811827915
IDRiD_081_test,IDRiD,2,2,0.5048459124894711,0.43230142942378924,0.025642669674791573,0.5048459124894711,0.02576778138422955,0.011442223700288422
IDRiD_095_test,IDRiD,0,0,0.5726405340270248,0.5726405340270248,0.19822374072267385,0.2049717044793155,0.010797776589492367,0.01336626382401829
IM003431,Messidor,2,0,0.7985487810291727,0.7985487810291727,0.10742071387904614,0.07897064942239967,0.011832422767555712,0.0032274150663475177
20060523_48161_0100_PP,Messidor,0,0,0.8209258776662938,0.8209258776662938,0.12480170901647203,0.049375410583658734,0.0039487721132764305,0.0009482504888331616
2408799a09b2,APTOS,0,0,0.9535448143256064,0.9535448143256064,0.027339787250129897,0.01845588579158241,0.0005527304847656846,0.00010678757481076814
b21abe5d9722,APTOS,0,0,0.9347674847121751,0.9347674847121751,0.028029713353190443,0.028549258278991553,0.005210264411165364,0.0034432654309553843
20051202_56028_0400_PP,Messidor,2,0,0.7485724733033907,0.7485724733033907,0.20235055986529024,0.04655237400010066,0.0021886115986714198,0.0003360064625522569
IM002938,Messidor,2,0,0.5988368239523252,0.5988368239523252,0.04038609613436926,0.34852963782181756,0.00845681311751869,0.0037906220014958256
IM000122,Messidor,0,0,0.8640898316043807,0.8640898316043807,0.05301503934010687,0.07601739685585736,0.0028497482424322696,0.004027956066371292
IDRiD_078_test,IDRiD,0,0,0.6045221190740198,0.6045221190740198,0.024905860718625685,0.3585023153913833,0.00801361382712289,0.004056086244864368
IM000161,Messidor,0,0,0.7480542758442272,0.7480542758442272,0.022802222820412995,0.22491585996592778,0.0021835500760037686,0.0020440983253540474
IM003595,Messidor,0,0,0.9465176169722725,0.9465176169722725,0.02888826813151436,0.02311197952518673,0.0004977749887249326,0.0009843708152614682
IM003214,Messidor,0,0,0.9507476680451146,0.9507476680451146,0.024104716182112743,0.02358212290968316,0.0010222473897778892,0.0005432578887041573
20060411_58891_0200_PP,Messidor,0,0,0.6258507781349374,0.6258507781349374,0.18719811044383092,0.18299154466578327,0.0024417919064649986,0.0015178037678992898
20051216_47514_0200_PP,Messidor,0,0,0.7449562561031616,0.7449562561031616,0.17653421087329846,0.07336636536021082,0.004354536324311748,0.0007886214751465103
20051201_37390_0400_PP,Messidor,0,0,0.5513439745606084,0.5513439745606084,0.4151968206126764,0.032319670984286085,0.0002995602062128526,0.000839990022750019
IDRiD_081_train,IDRiD,4,4,0.5020097690329274,0.2862481455798599,0.03941730013143688,0.13598525093679165,0.03633955755992475,0.5020097690329274
20051130_54802_0400_PP,Messidor,0,0,0.8492397736084565,0.8492397736084565,0.11595641491397744,0.031438955524284,0.0021575685634192985,0.0012072761506797334
IDRiD_202_train,IDRiD,0,0,0.9065500629834591,0.9065500629834591,0.06044211761969171,0.0314944713614777,0.0011255508614179631,0.00038779130343239847
a654b25124c3,APTOS,0,0,0.9600087730313767,0.9600087730313767,0.019927351068280096,0.0183016756127946,0.001404675554917495,0.0003575281460188159
20051208_42546_0400_PP,Messidor,2,0,0.46096039438527364,0.46096039438527364,0.45907444187136004,0.07726192950831227,0.0021858894089244883,0.0005173453515305359
IDRiD_023_train,IDRiD,3,2,0.807300556209041,0.03940928711135068,0.048958114141064824,0.807300556209041,0.04848810441996868,0.05584393869490763
20051205_35408_0400_PP,Messidor,2,0,0.4413491880586955,0.4413491880586955,0.12173862697219089,0.4327473518484044,0.0011902329258103948,0.002974600663911117
20051216_45351_0200_PP,Messidor,2,2,0.3310656592373791,0.09286959926313429,0.263951040934303,0.3310656592373791,0.280633460221004,0.031480257938977026
6180920bc224,APTOS,0,0,0.9361145414950622,0.9361145414950622,0.021653337544327328,0.026700831675634674,0.007715306044601867,0.007815970939147435
5a93c0f783c4,APTOS,0,0,0.9593931079874478,0.9593931079874478,0.018637161413982056,0.01529118137337215,0.0033841100021058815,0.003294432472245803
IDRiD_055_test,IDRiD,0,2,0.5357758346860297,0.20791522939970328,0.1818800416209,0.5357758346860297,0.06747880570945486,0.00695009780408244
IM003323,Messidor,0,0,0.9438384523256305,0.9438384523256305,0.02851453569579,0.025152134647845558,0.0010982333543687712,0.001396641253733155
IDRiD_064_train,IDRiD,2,2,0.5828276510033293,0.07898724768366974,0.03780844140056844,0.5828276510033293,0.2700836751391726,0.030293000971073486
150f92b45349,APTOS,0,0,0.9481134681839841,0.9481134681839841,0.023717947939923056,0.02330564525439831,0.002739409113005531,0.0021235293685386183
IDRiD_264_train,IDRiD,0,0,0.845764043803235,0.845764043803235,0.05713700008543153,0.07672526681118984,0.009778678496667218,0.010595023770764643
1dbdc32c17db,APTOS,2,2,0.8301566356484442,0.09206091391741174,0.021465019001323398,0.8301566356484442,0.028409435953434235,0.027907978616158197
20051214_51342_0100_PP,Messidor,0,0,0.6417094551591788,0.6417094551591788,0.2836900709370339,0.06891361208502815,0.0033341922700626564,0.0023526987586507974
IDRiD_005_train,IDRiD,4,2,0.3629660744291533,0.15940018409911422,0.012749540490957504,0.3629660744291533,0.304244604845503,0.16063961058685575
20060410_44504_0200_PP,Messidor,0,0,0.8981803851457781,0.8981803851457781,0.08226118490123585,0.01810497331433287,0.0005046488415799652,0.0009487792703995226
2a7373eeb352,APTOS,0,0,0.9379296329884091,0.9379296329884091,0.027339603793606313,0.027961388126974906,0.004259885121585324,0.00250948674483647
20060522_45402_0100_PP,Messidor,1,0,0.5175779540291734,0.5175779540291734,0.31496854273684516,0.16404923260538123,0.0017189589788072516,0.0016853001825967403
IM001805,Messidor,1,0,0.934006024701655,0.934006024701655,0.031004182583255255,0.032080690347029726,0.0023147814532254087,0.0005943201592121817
IDRiD_304_train,IDRiD,1,0,0.8632052397567919,0.8632052397567919,0.04709780833598098,0.08698614010508102,0.0021702717388988467,0.0005405505821758467
de18071c36e6,APTOS,0,0,0.9567875984356535,0.9567875984356535,0.010328465369483052,0.025135657565468497,0.004859902905175996,0.002888370597174177
462937ece243,APTOS,0,0,0.4838194501636278,0.4838194501636278,0.03326688297796391,0.33421775602470793,0.1164457493839865,0.032250165860475834
03e25101e8e8,APTOS,1,2,0.6751218552921776,0.14764271363577988,0.022901189439962354,0.6751218552921776,0.05572284060754265,0.09861141796540829
20051202_56050_0400_PP,Messidor,2,2,0.44749242080996954,0.4347097774427747,0.11033794716118289,0.44749242080996954,0.0023637757959226323,0.005096086547852902
2cdcc910778d,APTOS,0,0,0.748585533043364,0.748585533043364,0.012141186782542265,0.21723139563972016,0.013301887556981919,0.008740004094810063
b8e9a8f4617d,APTOS,0,0,0.9727825328816622,0.9727825328816622,0.018652531615454358,0.008517985794237052,2.974159476216403e-05,1.72267173211439e-05
034cb07a550f,APTOS,4,2,0.7496592404620906,0.0199394504865453,0.01289589241466927,0.7496592404620906,0.07341567677574155,0.1440897639656295
04579e31e4be,APTOS,0,0,0.9869001234833799,0.9869001234833799,0.008968387229223633,0.003986868240445965,6.939200083458411e-05,7.521898922267301e-05
IDRiD_389_train,IDRiD,4,4,0.7560114702028444,0.014337371440237551,0.007355894945399008,0.09288435549032134,0.12941089848387993,0.7560114702028444
20060411_62319_0200_PP,Messidor,2,0,0.5923907970399968,0.5923907970399968,0.11677133476923982,0.28063078884167947,0.007969481588806934,0.002237621779744962
aebe87a423c8,APTOS,0,0,0.6943631352576698,0.6943631352576698,0.016003796096547288,0.23423998822027242,0.03953290259008674,0.015860156372880727
810d3779abd9,APTOS,3,3,0.49305537994895743,0.02401147792460405,0.006103604051629912,0.16804132013303547,0.49305537994895743,0.3087882163482743
IM000813,Messidor,0,0,0.8797509736906068,0.8797509736906068,0.08481479263107267,0.03284651283423605,0.0024875646062799527,0.00010014815773704832
20051020_56791_0100_PP,Messidor,0,0,0.7660544210135691,0.7660544210135691,0.13547087246489595,0.09253215753247558,0.003892149859677439,0.002050425754552212
1844a039b4ea,APTOS,2,2,0.8956938043540464,0.033977893893708214,0.02116140870484694,0.8956938043540464,0.033668420791000624,0.015498467127470047
b5b913358b32,APTOS,0,0,0.9801661319888209,0.9801661319888209,0.01052994611171873,0.00866922408519103,0.0006008586612089979,3.383543015461847e-05
19b0e3c734f5,APTOS,0,0,0.9195023376696468,0.9195023376696468,0.021282530116492036,0.051796401258899435,0.005159509450458552,0.0022592065503042546
20051020_64249_0100_PP,Messidor,0,0,0.8365472898629644,0.8365472898629644,0.0656745906041011,0.09029088262994928,0.005919314013167954,0.0015679427783602642
20060412_57952_0200_PP,Messidor,0,2,0.4088085477964549,0.35177990972864076,0.2335068715234971,0.4088085477964549,0.0044958469156448225,0.001408832363718452
5c85d22bd0de,APTOS,0,0,0.9155813042007523,0.9155813042007523,0.04202400570972126,0.0398225996371781,0.0019888060476504006,0.0005832979517892827
0db1d8dcf219,APTOS,0,0,0.9503177569427609,0.9503177569427609,0.009631624518983984,0.03200715525813562,0.005566176888164124,0.002477291149235146
20051130_60066_0400_PP,Messidor,0,0,0.7537742590076122,0.7537742590076122,0.1871504963520781,0.05668952736091771,0.0012675136646328957,0.0011182027595469399
20051020_63269_0100_PP,Messidor,0,0,0.9225020793229145,0.9225020793229145,0.026963945524301435,0.039698717710974975,0.008438883627140537,0.002396334315765607
6a905a7202d2,APTOS,0,0,0.9564025111709726,0.9564025111709726,0.0268518264101337,0.015282616304686815,0.000524882880854601,0.0009381741989129003
9c893e16c055,APTOS,0,0,0.9835812032394265,0.9835812032394265,0.007341614216098996,0.007714952387730352,0.0009072677978969122,0.0004549776568663491
15f440753916,APTOS,3,3,0.5991207888268459,0.013841749706664271,0.011457644650650651,0.14791079923271847,0.5991207888268459,0.22766902997250682
ffd97f8cd5aa,APTOS,0,0,0.970196815174748,0.970196815174748,0.011505138780558337,0.018154620651621572,7.182448562567705e-05,7.162325227019378e-05
20051130_54077_0400_PP,Messidor,0,0,0.9168259955348672,0.9168259955348672,0.054044464364559903,0.027808169920660635,0.0006381067069457723,0.0006832966130817923
IM000668,Messidor,0,0,0.9092287104866767,0.9092287104866767,0.05734159137933492,0.03126928768093433,0.0015862007808845288,0.0005742054376160209
IDRiD_066_test,IDRiD,3,3,0.604375988079201,0.03618772730275094,0.011408266679935416,0.2644886998880377,0.604375988079201,0.08353931658186342
08c17a2d95b7,APTOS,2,4,0.41174730714213936,0.0679301998217875,0.023721786424142223,0.3558062550961031,0.14079446363910508,0.41174730714213936
20051202_55582_0400_PP,Messidor,2,2,0.8742545169924484,0.0873511343354057,0.026451666131662943,0.8742545169924484,0.002737751400229933,0.009204936466421745
a987aa7aac37,APTOS,0,0,0.8949287137051198,0.8949287137051198,0.057472826347948716,0.044442416866782325,0.0029739307718072037,0.0001821532569169274
857230f64a2e,APTOS,4,4,0.8716863361345462,0.012097653575270916,0.007919162737138056,0.054528662216787656,0.053768182215382036,0.8716863361345462
d5b4705ac2ee,APTOS,1,0,0.8586535829336244,0.8586535829336244,0.11456532289476502,0.024124617993724753,0.0011145559003906613,0.0015419351330155072
20060411_58808_0200_PP,Messidor,0,0,0.8239797695940079,0.8239797695940079,0.11608042033390886,0.056705692115576516,0.0029726257625559637,0.0002614899225416954
IDRiD_295_train,IDRiD,0,0,0.9661596087151113,0.9661596087151113,0.023934092215214395,0.009381321784643633,0.0004740614957353919,5.0901196791078915e-05
21037f5c7790,APTOS,0,0,0.9674084083297143,0.9674084083297143,0.007701206603035576,0.016704488371424478,0.001933309470549748,0.006252567996416415
3f6c627e2ff2,APTOS,0,0,0.9562165288815787,0.9562165288815787,0.010979361163979576,0.027600885882215938,0.0038754077595423027,0.0013278597482717619
20060411_59812_0200_PP,Messidor,2,2,0.503395451798464,0.059708117460854394,0.1904053227045991,0.503395451798464,0.231081427491328,0.01540969627690686
IDRiD_146_train,IDRiD,0,0,0.7607621028531221,0.7607621028531221,0.020022817542050222,0.08976839493923869,0.03364010990945351,0.0958065649060208
20060523_49875_0100_PP,Messidor,3,2,0.5440646877217747,0.18112999666100582,0.1221071692639501,0.5440646877217747,0.14496733999870604,0.007730788791933551
384db24ebbd7,APTOS,0,0,0.9291326944747282,0.9291326944747282,0.021595837619683242,0.041471593056219065,0.004907814749953334,0.0028920653832932735
20060412_52038_0200_PP,Messidor,2,2,0.5040512193212092,0.09734759617002105,0.37996345620203964,0.5040512193212092,0.014741363555473187,0.0038963592958207085
10f6ef37fe43,APTOS,0,0,0.7485974140240446,0.7485974140240446,0.23515533039551023,0.015198979041933236,0.0005458318481788416,0.0005024664130996253
0d744aed4d64,APTOS,0,0,0.9478118057194753,0.9478118057194753,0.020499848579957045,0.02994951331691495,0.0006909724933753047,0.0010478761868386068
75369248dba0,APTOS,0,0,0.9854621916367655,0.9854621916367655,0.006519797536649739,0.0065777179703190025,0.00048535981854741245,0.0009549562055724448
IM002732,Messidor,0,0,0.5380407658345685,0.5380407658345685,0.03953664175966334,0.40445470373566794,0.007802513150558783,0.010165385711052084
144b01e7b993,APTOS,2,2,0.7116523357618787,0.03046500756039721,0.019250490386557514,0.7116523357618787,0.0437777224823995,0.19485445983143898
IDRiD_119_train,IDRiD,4,3,0.5200223483084976,0.010605974598835857,0.0041547821920134955,0.0434364145443645,0.5200223483084976,0.42178048425426634
98e44127872f,APTOS,0,0,0.9679457184411594,0.9679457184411594,0.02380183110023685,0.007775734813823936,0.000456219430837834,2.0477836554212557e-05
178412895d5e,APTOS,0,0,0.9261719175462524,0.9261719175462524,0.017834459081949295,0.04318227767226414,0.006589696014975571,0.006221641524967226
20060407_39546_0200_PP,Messidor,0,0,0.48123005661936447,0.48123005661936447,0.31150476501323954,0.20317197928695271,0.0034804861040913615,0.0006127090766063352
20060412_59242_0200_PP,Messidor,2,0,0.6671430850010709,0.6671430850010709,0.28976596803484717,0.040368472014814194,0.002309604668617517,0.0004128793342122894
20060407_44400_0200_PP,Messidor,0,0,0.5644364128420436,0.5644364128420436,0.10624685825014263,0.31136794637290943,0.01336642471446127,0.0045823498657154285
20060410_47042_0200_PP,Messidor,2,0,0.4399865625375049,0.4399865625375049,0.4080741048906513,0.14498659075634499,0.006431653227625204,0.0005210834507604244
IM003359,Messidor,4,2,0.4837178085901578,0.12131245460785949,0.040978945355023826,0.4837178085901578,0.06297500448852056,0.291015796287748
IM002269,Messidor,3,3,0.6694024749512921,0.05714249311598221,0.01097215926375448,0.17784045023241968,0.6694024749512921,0.08464241565870996
IM004645,Messidor,0,0,0.8340440147582431,0.8340440147582431,0.1193898170638853,0.03834467682304952,0.0033742624180591496,0.004847260982493289
IDRiD_063_test,IDRiD,1,0,0.6956097163499154,0.6956097163499154,0.023013654537697166,0.21018252019091277,0.019580255814511838,0.05161389020541938
80e6e425f966,APTOS,0,0,0.9745367972840585,0.9745367972840585,0.012682283421014264,0.012290849387787668,2.0215070488392808e-05,0.0004698695734042269
20060522_45853_0100_PP,Messidor,0,0,0.7966981788413345,0.7966981788413345,0.06033014622526257,0.11794062949865403,0.007903886021203534,0.01712715745056871
20060523_45787_0100_PP,Messidor,2,2,0.41529977879301316,0.3967233992295239,0.18430911041398815,0.41529977879301316,0.0030113683010591593,0.0006563311494781591
20060407_43258_0200_PP,Messidor,0,0,0.772744691032758,0.772744691032758,0.08291574224053394,0.13781699872562742,0.004441218602561727,0.0020813442031980653
20060522_45777_0100_PP,Messidor,0,0,0.7207833731282107,0.7207833731282107,0.10072162470330934,0.16978113898723327,0.008258503938208485,0.00045536614013149724
cb2f3c5d71a7,APTOS,1,2,0.5433121253392702,0.3684634910799469,0.0796980104402466,0.5433121253392702,0.006287402821007302,0.0022389763310017756
IM000859,Messidor,0,0,0.9169870680657722,0.9169870680657722,0.04984616209812316,0.02995260558328455,0.0021211301561771877,0.0010930512261342496
IDRiD_012_test,IDRiD,2,0,0.4042961431073752,0.4042961431073752,0.18859804012439518,0.37846329219131425,0.022717344094145806,0.005925193024414376
bcc762618e7d,APTOS,2,2,0.5046928576051883,0.023852392415937732,0.01640073606712511,0.5046928576051883,0.06772646436024135,0.38732753440699685
IM000924,Messidor,0,0,0.7981026180472596,0.7981026180472596,0.12287990681108522,0.05870400238899863,0.0026018509351617325,0.017711636848995224
20051130_59793_0400_PP,Messidor,0,0,0.46351230571898555,0.46351230571898555,0.4178070440161328,0.11558436902628698,0.0022914860971367467,0.0008048046126486777
IDRiD_103_test,IDRiD,0,0,0.5958782161877685,0.5958782161877685,0.29199220302768925,0.10590029241988987,0.004812514912797657,0.0014167935054710335
20060407_42290_0200_PP,Messidor,0,0,0.8737079243436745,0.8737079243436745,0.08638649474765449,0.03416759841444004,0.004134705350554174,0.001603246774580135
97fdee242fea,APTOS,0,0,0.9335470354693477,0.9335470354693477,0.021247936634741577,0.03575928426544137,0.003942441574606005,0.0055033352586432265
IDRiD_131_train,IDRiD,2,2,0.560688917467078,0.32555733020623373,0.0481792958792918,0.560688917467078,0.043514468524925624,0.02205997303375547
20051021_40018_0100_PP,Messidor,1,1,0.4952967659924447,0.4612174613336353,0.4952967659924447,0.043084417823296306,0.00025073730192041153,0.0001506203773994309
IM000167,Messidor,0,0,0.9357711724252511,0.9357711724252511,0.039778209296767855,0.02046159785322985,0.0023718256334189507,0.0016172054009830164
c334f8688b77,APTOS,0,0,0.9910209737641273,0.9910209737641273,0.005853191102795429,0.003086155418086927,2.6313334670872704e-05,1.3367389397425248e-05
IM004668,Messidor,0,0,0.7880670275889433,0.7880670275889433,0.18828336941027182,0.020578100143295662,0.0024217253909275364,0.0006497877440478894
20051130_59464_0400_PP,Messidor,0,0,0.5268333231040839,0.5268333231040839,0.2709010283162911,0.20007149175151512,0.0018399362369837021,0.0003542148331692044
20060412_57974_0200_PP,Messidor,0,1,0.6168318269472135,0.25284375652346075,0.6168318269472135,0.12402564984592068,0.0037848217181719692,0.0025139350132549203
IM002822,Messidor,0,0,0.8926094840889597,0.8926094840889597,0.08076213144362779,0.024521987612904608,0.0014874477062571793,0.0006189052756711557
acf976efd7ce,APTOS,0,0,0.9791869547715488,0.9791869547715488,0.009039616445964942,0.00976988331972925,0.0010562839221109597,0.0009472570992607786
215d2b7c3fde,APTOS,0,0,0.9134669007098905,0.9134669007098905,0.019315140113695436,0.0464426677947243,0.006301778584976627,0.014473508612297604
c6229222bf22,APTOS,0,0,0.9057742960875351,0.9057742960875351,0.023849889284622543,0.05644118222395943,0.009371165628174557,0.004563494615053961
20060411_59190_0200_PP,Messidor,2,2,0.6357223681864907,0.07543882564547584,0.25346514129907854,0.6357223681864907,0.02853896014174689,0.00683468946378075
da2bdf4236ac,APTOS,0,0,0.7752331254217703,0.7752331254217703,0.03195089296453591,0.04117620067041597,0.01135906923893388,0.1402806904332495
IM003519,Messidor,0,0,0.9392268604619923,0.9392268604619923,0.03235072958605053,0.02644615148843898,0.0014562119564957366,0.0005200829420026129
20060412_59658_0200_PP,Messidor,1,0,0.7509182234695475,0.7509182234695475,0.15968086467341888,0.08406555692319333,0.0027909598363015206,0.002544414713915572
18f1f979d30d,APTOS,2,2,0.6628340841408266,0.110305101375605,0.0295132984460546,0.6628340841408266,0.0981853803906897,0.0991621505640692
996f9bba4ef0,APTOS,0,0,0.9582653501917215,0.9582653501917215,0.03603495336391003,0.005656943576296509,2.050900806148483e-05,2.2249467500628182e-05
20060410_41098_0200_PP,Messidor,0,0,0.5460990499555403,0.5460990499555403,0.24254688525653012,0.2016527012111863,0.007101606881874612,0.0025997765888687873
0e43c8298fc0,APTOS,0,0,0.9531700327550451,0.9531700327550451,0.020038636667343877,0.025168313984575717,0.0010510307270193032,0.0005719959255583056
7fc3a8bb40de,APTOS,0,0,0.9670989580571632,0.9670989580571632,0.013999327099227736,0.0163295516475976,0.002440454667179141,0.00013169835164064572
33b91def2035,APTOS,0,0,0.9720566158088867,0.9720566158088867,0.00849751258166529,0.016033758795297035,0.0015410228961277963,0.0018710693005712143
20060410_41209_0200_PP,Messidor,0,1,0.38895704551433374,0.2875265985791671,0.38895704551433374,0.3022975586438829,0.020492381861517226,0.0007264217027006596
IM002998,Messidor,0,0,0.9501185009548324,0.9501185009548324,0.018762766880469125,0.028683427829150173,0.0023402787762767554,9.505962993491133e-05
IDRiD_255_train,IDRiD,0,0,0.9645202760571248,0.9645202760571248,0.01413134191816764,0.017621657416732533,0.0015561134517543035,0.002170605146213414
20060412_59100_0200_PP,Messidor,1,3,0.5611970709145023,0.3341812698386524,0.04044360993377212,0.055733490403309924,0.5611970709145023,0.008444564688405485
IDRiD_190_train,IDRiD,0,0,0.8305076041662354,0.8305076041662354,0.08998773141128931,0.06835725756420648,0.005189063405722419,0.00595835780044784
d6dbb0820ea5,APTOS,0,0,0.9780410551079773,0.9780410551079773,0.011258568397331095,0.009472012917978383,0.0006149168500806537,0.0006134413840800652
20051130_60691_0400_PP,Messidor,0,0,0.8335200802330387,0.8335200802330387,0.061020844789772266,0.07684252037349619,0.025230279211326128,0.003386269347577847
IDRiD_098_test,IDRiD,0,0,0.6040169105619894,0.6040169105619894,0.09006907691261681,0.13821136926815886,0.08263167378129144,0.08507093586982728
20060407_45949_0200_PP,Messidor,0,0,0.6543133429585118,0.6543133429585118,0.2730695708512139,0.06949054305942716,0.0021472051126860603,0.0009793278915600618
IM004154,Messidor,0,0,0.850022339811682,0.850022339811682,0.11583196024365955,0.02909309314902546,0.003598681214155256,0.0014539492058839162
3e1f8fecb06f,APTOS,2,2,0.7552028040403815,0.03139140630065804,0.019404391850148636,0.7552028040403815,0.08239709063591845,0.11160430578835531
a0e635689259,APTOS,0,0,0.914626852950095,0.914626852950095,0.02970627089874834,0.05328792717233163,0.001279052026257925,0.001099902028965741
b2b7ccd34cbd,APTOS,0,0,0.9733016902509068,0.9733016902509068,0.012394304256210333,0.013683479767339463,3.543842525932354e-05,0.0005851003085566063
1dfe599d12a9,APTOS,0,0,0.9589183104039063,0.9589183104039063,0.013792325652435853,0.020485240873716202,0.0024764397212666055,0.004327692233042662
a07d571bf7ba,APTOS,0,0,0.9683863015938374,0.9683863015938374,0.013266319342635656,0.013198072837644532,0.0022758756983121933,0.0028734309658450764
20051214_41055_0100_PP,Messidor,0,0,0.7576658625019494,0.7576658625019494,0.2197191680605696,0.020304088852545237,0.0016084496679194416,0.0007024363955252372
aec51513cf45,APTOS,0,0,0.9770109310767842,0.9770109310767842,0.008508728632131403,0.01217326634866737,0.0004918734606484524,0.0018152239927260877
568455854a11,APTOS,0,0,0.9403261075951619,0.9403261075951619,0.022688073800707854,0.0327669798190318,0.0012110484743947378,0.0030078093062935914
20051020_43906_0100_PP,Messidor,2,0,0.621406149230819,0.621406149230819,0.32382900281853855,0.05324161338601528,0.0013224225289936932,0.00020082239081029986
IM004621,Messidor,0,0,0.8972493533151402,0.8972493533151402,0.018846423830693595,0.08270687550598531,0.0011230263393048597,7.432777170533346e-05
0790515cf5af,APTOS,0,0,0.643605051062597,0.643605051062597,0.07448215759598548,0.2759737635192851,0.004265273259004854,0.0016737615350266779
IM001751,Messidor,4,4,0.3495381650347962,0.1468715194173584,0.019030399925577472,0.1709227940519061,0.313637132854005,0.3495381650347962
525d0dd8dc45,APTOS,0,0,0.9471002591620096,0.9471002591620096,0.018490002280125324,0.023728850578581925,0.005091170449563698,0.0055897301452126815
18b99159a14f,APTOS,0,0,0.9840708455161102,0.9840708455161102,0.008572177256950463,0.006106916459781331,0.00070583916675825,0.0005442229522879588
194814669fee,APTOS,1,1,0.38871012851473874,0.20158426589654002,0.38871012851473874,0.3450780074077558,0.024892553075177185,0.03973505245603736
20051202_48393_0400_PP,Messidor,1,0,0.8856724613048008,0.8856724613048008,0.07498532145415449,0.03569056815719272,0.003014617242243389,0.0006370461702968268
IDRiD_076_test,IDRiD,2,0,0.7093872522497613,0.7093872522497613,0.1686532088956796,0.10326679784419267,0.012303407331398437,0.006389316203422329
20051201_38081_0400_PP,Messidor,0,0,0.7509383230035376,0.7509383230035376,0.18914635050900755,0.05328901796339739,0.004501536442239987,0.0021247944569191698
20060529_56442_0100_PP,Messidor,0,0,0.7416345393084449,0.7416345393084449,0.14074370861294977,0.11023531539673288,0.005417047002171218,0.0019693796604205796
835b9f6e12ba,APTOS,0,0,0.955288227357407,0.955288227357407,0.02046163313879815,0.01947999464711764,0.002910529253003684,0.0018596229421365014
IDRiD_115_train,IDRiD,3,4,0.6899030306814915,0.02887575797609879,0.010125669933902159,0.09571529176001024,0.17538026696680833,0.6899030306814915
eadc57064154,APTOS,4,4,0.9339299531870056,0.02905026710322851,0.002734752070630267,0.019690010876185923,0.014595011518516278,0.9339299531870056
IM002134,Messidor,0,0,0.9189051237317984,0.9189051237317984,0.023655106585978462,0.04821678270879107,0.004395384486108772,0.004827599596662074
cd8da43e3069,APTOS,0,0,0.7158620418583935,0.7158620418583935,0.24420109624712613,0.038352138095517005,0.0015256131968761728,5.9146068000615703e-05
8185ce1cdcef,APTOS,0,0,0.9769067823823678,0.9769067823823678,0.010897892405900627,0.01126100006750882,2.7330333232652146e-05,0.0009070030139758152
IM002901,Messidor,1,0,0.9373798088220333,0.9373798088220333,0.02439192646919902,0.030334012728527617,0.004282853152265692,0.003611422647353583
d881c04f01fe,APTOS,0,0,0.5053893854017216,0.5053893854017216,0.03832725702310649,0.4527046355701454,0.0019377009580956689,0.0016410276404802983
20060410_47186_0200_PP,Messidor,0,1,0.4215711150643128,0.19321087461344308,0.4215711150643128,0.36113351608261596,0.022219356548401747,0.001865119401001067
IM000696,Messidor,0,0,0.7510260528073812,0.7510260528073812,0.057587204002238546,0.19115851674906909,0.00011604508419620721,0.00011217021047294234
IM002649,Messidor,0,0,0.6825159357886728,0.6825159357886728,0.23676476092617196,0.07045421571512338,0.00675208738433016,0.003512995944440964
IDRiD_216_train,IDRiD,2,0,0.8036477589184605,0.8036477589184605,0.07992621756746243,0.0913720171563642,0.00865542373595724,0.01639856592018992
IDRiD_035_train,IDRiD,3,4,0.534635723237169,0.031118005131844966,0.006160218150206328,0.07647155249046042,0.35161451852236164,0.534635723237169
20060412_59636_0200_PP,Messidor,1,0,0.46092343635078376,0.46092343635078376,0.4359951485261392,0.09673261111760524,0.004833404995429793,0.0015154075371772797
f9aa35187bf3,APTOS,2,0,0.9628386543270587,0.9628386543270587,0.012177599090242113,0.02381111857653926,0.00043515800465604963,0.0007374450531518376
2d552318eb07,APTOS,2,4,0.3280877707812257,0.3262671167277032,0.11093452753625559,0.19911622711451563,0.035594361086909,0.3280877707812257
9a1029536d78,APTOS,0,0,0.9790596000135444,0.9790596000135444,0.010763662405892098,0.00827230291182994,0.0013853050291473166,0.0005191251821285896
IM000080,Messidor,0,0,0.52458417511714,0.52458417511714,0.2819027092305242,0.17647454261921502,0.012413332831378089,0.004625228634502031
91e82fe4e434,APTOS,0,0,0.8679923811167786,0.8679923811167786,0.08254819007666259,0.046018385951317076,0.002637671759901011,0.0008033771250035405
20060407_46257_0200_PP,Messidor,0,0,0.5249981581887213,0.5249981581887213,0.37743516667922195,0.09300118682127366,0.0033168789157672868,0.0012486086389386618
IM002019,Messidor,0,0,0.9654813468731138,0.9654813468731138,0.019112458034881704,0.013058164096285222,0.0018447014753695651,0.0005033304774763965
4731e708ede3,APTOS,0,0,0.9581811273956213,0.9581811273956213,0.009750847152772418,0.021462694792078584,0.004231127717606578,0.006374203039461555
0bf37ca3156a,APTOS,4,2,0.6089155059115554,0.12883387435596974,0.04908928134667808,0.6089155059115554,0.1326762269170805,0.0804850941389171
20051205_58091_0400_PP,Messidor,0,1,0.4765095373105558,0.47154890898087765,0.4765095373105558,0.04713484219070323,0.0023589571798506123,0.0024477616627959745
IM004392,Messidor,0,0,0.9553850820469278,0.9553850820469278,0.019364321764273225,0.017596893821894524,0.0020615078048387887,0.005592196894841874
IM001797,Messidor,0,0,0.772350389101656,0.772350389101656,0.16991449329804742,0.05378249884527191,0.0026635549500678576,0.0012890797911138036
ec6f1797a25a,APTOS,0,0,0.9864877695936916,0.9864877695936916,0.005879314099081857,0.006639226177076498,0.00047926453367844304,0.0005144090414696458
be197b663520,APTOS,0,0,0.9508874209066618,0.9508874209066618,0.02880018978936069,0.017445995462789965,0.001278341182018872,0.0015880355899398004
IDRiD_173_train,IDRiD,0,2,0.5635994625649978,0.30603523373144403,0.019178517006487816,0.5635994625649978,0.06053620477518726,0.050650571667952664
20051130_59029_0400_PP,Messidor,0,0,0.8483364110998673,0.8483364110998673,0.10881633114606719,0.03771926950644248,0.002891977147465396,0.002236011740154837
IDRiD_139_train,IDRiD,0,0,0.8998766244275023,0.8998766244275023,0.02577574984156656,0.059946325054727675,0.01089832656424321,0.003503014738801456
20060411_59919_0200_PP,Messidor,2,2,0.6967957379075789,0.16549714464680806,0.10561562760677926,0.6967957379075789,0.02842266400199025,0.00366881606676436
IDRiD_087_train,IDRiD,2,2,0.6280034293597052,0.02646659729796046,0.012079834278861694,0.6280034293597052,0.048789461472857384,0.2846606820595851
IM000654,Messidor,1,0,0.877022603257009,0.877022603257009,0.034289609309002156,0.06862437659536678,0.009963178316577306,0.01010025609040356
0da09e3ce8f1,APTOS,2,2,0.7997498608903566,0.02758248725578605,0.03571951676655048,0.7997498608903566,0.08989011996645369,0.04705801605740239
a5c9a8c726b2,APTOS,4,2,0.5292005246803557,0.09469827460132431,0.02130922680996812,0.5292005246803557,0.11827916713610777,0.2365127920035819
780be525036d,APTOS,0,0,0.9511180627837322,0.9511180627837322,0.014190303139258079,0.0277789130802192,0.001970179330443376,0.004942537922579842
0709652336e2,APTOS,0,0,0.9293647588191116,0.9293647588191116,0.017542632277780055,0.03700470221188728,0.008511105403327269,0.007576815580770726
e4ae1ee6aada,APTOS,0,0,0.9870827091774392,0.9870827091774392,0.005876583818957176,0.006573944035837687,9.242164029385725e-06,0.00045752202030736763
20051205_58409_0400_PP,Messidor,0,2,0.4253589621213486,0.3570465658067868,0.20990205141676055,0.4253589621213486,0.005778811579794301,0.001913613427864308
20060529_57156_0100_PP,Messidor,2,2,0.6500191103916786,0.15765015327109855,0.17943125828544884,0.6500191103916786,0.010392117634612577,0.002507377750024425
IM004440,Messidor,0,0,0.9658284909685242,0.9658284909685242,0.02015118156738556,0.01300728416403467,0.0004937078119104481,0.0005193097008179847
IM002615,Messidor,0,0,0.8160017255122461,0.8160017255122461,0.13668203663465311,0.04184287207804624,0.0037879109484419598,0.0016854484309860324
08f8838d69bb,APTOS,0,0,0.9808512990099026,0.9808512990099026,0.0074302647668667175,0.011143022298267144,0.0005382434293205059,3.721478824539719e-05
09eeafa9656a,APTOS,2,2,0.8002295713434819,0.02211052418424413,0.009983684560561815,0.8002295713434819,0.08627722359768661,0.08139903283196875
20051214_40994_0100_PP,Messidor,0,0,0.8737979719712256,0.8737979719712256,0.04245337659147912,0.07690219281970911,0.0044695729973444395,0.0023768824276283957
IM001089,Messidor,0,0,0.7277490918872284,0.7277490918872284,0.253363410516082,0.017452325802716388,0.0004894098579428557,0.0009457532457487425
20060410_43868_0200_PP,Messidor,0,0,0.8303433324864409,0.8303433324864409,0.13325707503950146,0.0341947843085591,0.001600905558229323,0.0006039003251736314
20060412_52194_0200_PP,Messidor,2,0,0.7111908217126136,0.7111908217126136,0.15308578593403765,0.13193907448409742,0.0025233109891669974,0.0012610243002586796
0fffa73e2402,APTOS,2,2,0.40642397694303245,0.05418600266592676,0.1214934651098846,0.40642397694303245,0.03675676829097206,0.3811398058073425
20051021_40248_0100_PP,Messidor,2,1,0.4297635051077386,0.33342191356891276,0.4297635051077386,0.23031704232157732,0.005094017564948976,0.0014035128090685606
da9fe02dead3,APTOS,0,0,0.9641808318233742,0.9641808318233742,0.016888530162441656,0.017355492476877114,0.0005562014025451228,0.001018935326359598
24b943fe725e,APTOS,1,2,0.3889691893617033,0.05008174690471735,0.37894757010601077,0.3889691893617033,0.025535338128704035,0.1564661591238233
1fb455685328,APTOS,0,0,0.988201859696846,0.988201859696846,0.005889157785635349,0.005442327038190123,0.00045727268896409047,9.39389693471021e-06
IM001372,Messidor,3,3,0.6308847453444898,0.13081404588087503,0.031635455160639876,0.18623160762067886,0.6308847453444898,0.020434136812589758
d26bc6e1230d,APTOS,0,0,0.977500523150683,0.977500523150683,0.009827294256213894,0.00994286576254718,0.002239796786702748,0.0004895204010544083
20051205_57757_0400_PP,Messidor,0,0,0.8007583801504722,0.8007583801504722,0.16326799098845896,0.03312412551815072,0.002451431689136854,0.0003980921908793407
20060523_49010_0100_PP,Messidor,2,1,0.6489727850050713,0.08568602046725421,0.6489727850050713,0.2413133578205146,0.021480841823250024,0.002546988293424316
3bf3085ac167,APTOS,0,0,0.9898368382797913,0.9898368382797913,0.0047916218149551,0.004455193740867899,1.3790889120696103e-05,0.0009025761781731543
000c1434d8d7,APTOS,2,2,0.5408488468910229,0.04643510324588599,0.3467040781070262,0.5408488468910229,0.02035707817288786,0.04565491798008547
IM001110,Messidor,1,0,0.7881747235540945,0.7881747235540945,0.1281385097358994,0.08344413628943083,0.00012627822496314724,0.00011635346747374361
20060523_50234_0100_PP,Messidor,2,2,0.662534976070061,0.1410300775862427,0.18818819828172179,0.662534976070061,0.0051105518053165665,0.00313623156841222
6c30dd481717,APTOS,0,0,0.9522364539806304,0.9522364539806304,0.023012079466829084,0.02141410153904898,0.001094646129308011,0.002242709717902284
3b0190bbe615,APTOS,0,0,0.9736828860381507,0.9736828860381507,0.012085260723829459,0.013136952080735056,0.0005597643669848665,0.0005351998463037408
IDRiD_332_train,IDRiD,2,2,0.7067424918192051,0.05199087715413623,0.013787785628702792,0.7067424918192051,0.17913597104027618,0.048342891112104054
20051216_44939_0200_PP,Messidor,2,2,0.5020720141155628,0.15531027682151544,0.33855817592742343,0.5020720141155628,0.003755197990455341,0.00030434071268250394
20060412_59355_0200_PP,Messidor,0,0,0.5859224066329596,0.5859224066329596,0.327098456268905,0.08094455835732021,0.004431432240276348,0.001603128559559274
IM000406,Messidor,1,0,0.9047857784367908,0.9047857784367908,0.05746110633043364,0.03561301763189349,0.0014913439548381313,0.0006487528675135881
20060523_48990_0100_PP,Messidor,2,2,0.6169812778781237,0.11774061276189285,0.2597542687364751,0.6169812778781237,0.004297434561064017,0.0012264320100410413
IM002201,Messidor,0,0,0.9425091469507044,0.9425091469507044,0.01935337217097258,0.028511940249227066,0.007113580408082332,0.0025119673047807305
7ee6de71c140,APTOS,0,0,0.957437023416491,0.957437023416491,0.020594632509621718,0.01900035700950442,0.002007952206352936,0.0009600564750677999
20060407_45247_0200_PP,Messidor,0,0,0.9191962592224578,0.9191962592224578,0.023670559147015713,0.045363243176624844,0.0062041754583721355,0.005565735884370615
IM003207,Messidor,0,0,0.9335297271753196,0.9335297271753196,0.02805776299194971,0.03639538118226958,0.001756404655173897,0.0002607339141128146
20060523_50556_0100_PP,Messidor,3,3,0.7020685472230005,0.03898163841399476,0.008271584385447998,0.23883141536726085,0.7020685472230005,0.011846822316157449
20051021_59459_0100_PP,Messidor,4,2,0.42365468718195487,0.04260777218981259,0.01724231929015649,0.42365468718195487,0.35813071883591474,0.15836450657095352
65f69234c8a7,APTOS,0,0,0.9842538334665183,0.9842538334665183,0.007380887793100969,0.008284274113172497,5.607046689852686e-05,2.4959615642398947e-05
f3b27ac2d371,APTOS,0,0,0.969457213813568,0.969457213813568,0.019155876055936143,0.010893397020427574,0.00046466816076329444,2.885254107473126e-05
17d7d6b092f4,APTOS,0,0,0.950551690500439,0.950551690500439,0.01619890563340897,0.024244492177994036,0.005186171342999402,0.003818729277955266
50916d67bb51,APTOS,0,0,0.9457533868822617,0.9457533868822617,0.020152948688757454,0.028043849558793466,0.0033162426943452276,0.0027335942945797957
IDRiD_044_train,IDRiD,2,2,0.8239629116969378,0.033068238771630495,0.008470626755888538,0.8239629116969378,0.09506439703854629,0.03943382487268982
4dd4a4bf2421,APTOS,0,0,0.972941361106359,0.972941361106359,0.011869611361471074,0.013512225901482681,0.0011644212601373623,0.0005123739697968147
20051110_34071_0400_PP,Messidor,1,0,0.8207910369909225,0.8207910369909225,0.11496431435399533,0.04965256868380301,0.008493846866212351,0.006098211009515347
IM003747,Messidor,0,0,0.9687610681607464,0.9687610681607464,0.011473171160069458,0.013391751143208735,0.002736799131240302,0.003637201848071161
2821998fc002,APTOS,0,0,0.9473300989998157,0.9473300989998157,0.01829265328630209,0.03143169077522512,0.0014899604036886155,0.0014555913801200966
20060523_45369_0100_PP,Messidor,2,2,0.6234116266076576,0.26539784160498214,0.09901533536293657,0.6234116266076576,0.00662072804948528,0.005554463819901979
20051020_62385_0100_PP,Messidor,3,2,0.6787354379152137,0.08298594386642141,0.1077380768567663,0.6787354379152137,0.11536946865722592,0.01517105741184153
20051205_58373_0400_PP,Messidor,0,0,0.6341666904674612,0.6341666904674612,0.1506304018833742,0.20413442040205637,0.008781224744680788,0.0022872622256538753
IM001880,Messidor,1,0,0.930909481076135,0.930909481076135,0.024445929142985854,0.04125228558785869,0.0023706605938665997,0.001021659072668552
20051216_47668_0200_PP,Messidor,2,2,0.8013303787852745,0.07808014790042878,0.1025626034874626,0.8013303787852745,0.012003621683210355,0.006023265476486851
20051205_59300_0400_PP,Messidor,1,0,0.7896406796720978,0.7896406796720978,0.14835916296800242,0.059108524073130685,0.002304899189472695,0.0005867044786321537
58c12863f33d,APTOS,0,0,0.9529474915174702,0.9529474915174702,0.022328114818577927,0.022373552912194263,0.0017332577511527342,0.0006175611749461025
190a309f2cc5,APTOS,0,0,0.9768378508675313,0.9768378508675313,0.010057611151186389,0.012539530698264474,4.8620890575262006e-05,0.0005163865377065789
a0b7ad98df57,APTOS,0,0,0.9781087950207465,0.9781087950207465,0.009147066929136851,0.009978472750241113,0.0018217323268148822,0.0009439380272903333
f451eee2b66b,APTOS,0,0,0.9718037006413756,0.9718037006413756,0.008806159982740218,0.016048649299721815,0.0024049562711013772,0.0009365376105401851
20051020_63045_0100_PP,Messidor,1,1,0.39560721822709605,0.26684496057539325,0.39560721822709605,0.333239913794661,0.0015538432400409629,0.002754070538079569
IM004306,Messidor,0,0,0.7715859719449704,0.7715859719449704,0.04505716729388241,0.16545923307330118,0.00869873522342858,0.009198881322820394
IDRiD_235_train,IDRiD,0,0,0.9372146678375357,0.9372146678375357,0.01846592184305432,0.03264017663311907,0.007558267679962126,0.004120979855081796
IDRiD_356_train,IDRiD,3,3,0.4934056252607859,0.020799511982089017,0.005470318092750967,0.1377831948306949,0.4934056252607859,0.342541366243405
IDRiD_282_train,IDRiD,2,1,0.4262443523883501,0.15694368388358476,0.4262443523883501,0.4080228086802558,0.006257087107775805,0.0025320706118418857
20051110_38111_0400_PP,Messidor,0,0,0.8513353107632595,0.8513353107632595,0.12556131057924289,0.02234840603708262,0.00014915065812155402,0.0006058236447065458
1b495ac025b7,APTOS,3,4,0.4770356681148383,0.0249367408368056,0.020687497020724994,0.4075921162492253,0.0697479812993126,0.4770356681148383
060e00d1e2ab,APTOS,0,0,0.9603298954542778,0.9603298954542778,0.012143244229148531,0.0215648458888957,0.0010041522733906735,0.004957890539702325
20051110_38194_0400_PP,Messidor,1,0,0.6297160115343816,0.6297160115343816,0.27606312842154945,0.09337637425059835,0.000540192263612541,0.00030426875152467903
84b79243e430,APTOS,0,0,0.9814797423687778,0.9814797423687778,0.010349200955935878,0.007218979846663128,0.00047530292583300015,0.0004767924494625627
IM004241,Messidor,0,0,0.8033845557361512,0.8033845557361512,0.06800830256828255,0.11994483504077258,0.0034332609614312584,0.005229050137932178
