unique_id,dataset,true_dme_risk,predicted_dme_risk,dme_confidence
20060410_39500_0200_PP,Messidor,0,0,0.99552286
IDRiD_348_train,IDRiD,2,2,0.999764
20060412_59012_0200_PP,Messidor,0,0,0.72035724
IM002909,Messidor,0,0,0.99445045
20060529_56834_0100_PP,Messidor,1,1,0.5371406
20060411_61869_0200_PP,Messidor,0,0,0.994011
20060530_53271_0100_PP,Messidor,0,1,0.7465281
IDRiD_375_train,IDRiD,1,1,0.99335784
20051214_56944_0100_PP,Messidor,1,0,0.92719394
IM000923,Messidor,0,0,0.99855703
20051020_57967_0100_PP,Messidor,0,0,0.9721496
IM004005,Messidor,0,0,0.9991122
20060412_58723_0200_PP,Messidor,0,0,0.9733193
IDRiD_029_train,IDRiD,2,2,0.9994777
IM003603,Messidor,0,0,0.9993994
IDRiD_229_train,IDRiD,0,0,0.9728899
IDRiD_338_train,IDRiD,2,2,0.97350866
20051130_54846_0400_PP,Messidor,0,0,0.99965835
IDRiD_364_train,IDRiD,2,2,0.9482867
IDRiD_125_train,IDRiD,2,2,0.9979272
20051020_57622_0100_PP,Messidor,1,1,0.90452313
IM001688,Messidor,0,0,0.99889827
IM001308,Messidor,0,0,0.9960218
IDRiD_065_train,IDRiD,0,2,0.9375501
IM003811,Messidor,0,0,0.99897206
20060530_55724_0100_PP,Messidor,0,1,0.55072224
IM002895,Messidor,0,0,0.9974026
IDRiD_346_train,IDRiD,0,0,0.99418074
IM001252,Messidor,0,0,0.99926335
IM001629,Messidor,0,0,0.9991048
20060529_57351_0100_PP,Messidor,0,0,0.9988445
IM001139,Messidor,0,0,0.99953985
IDRiD_024_train,IDRiD,2,2,0.9994518
20051130_54595_0400_PP,Messidor,0,0,0.97461504
20051116_54642_0400_PP,Messidor,0,0,0.9995352
20060410_41880_0200_PP,Messidor,0,0,0.996748
20060411_60028_0200_PP,Messidor,0,0,0.99750036
20060412_59735_0200_PP,Messidor,0,0,0.9125547
IM000212,Messidor,0,0,0.99912494
20060410_47331_0200_PP,Messidor,0,0,0.992861
20060412_58054_0200_PP,Messidor,0,0,0.9988199
IM004169,Messidor,0,0,0.99933463
20060412_61222_0200_PP,Messidor,0,0,0.99053615
20051201_38164_0400_PP,Messidor,0,0,0.96810114
20060523_48425_0100_PP,Messidor,0,0,0.9994159
20051205_59858_0400_PP,Messidor,0,0,0.9922261
20051214_41490_0100_PP,Messidor,0,0,0.91730785
20060412_59175_0200_PP,Messidor,0,0,0.99378973
20051214_42197_0100_PP,Messidor,0,0,0.98433304
IM000725,Messidor,0,0,0.9992285
IM003879,Messidor,0,0,0.9885477
20060529_57174_0100_PP,Messidor,0,1,0.6879796
20060523_50342_0100_PP,Messidor,0,0,0.804744
IM001514,Messidor,0,0,0.9989256
IM002703,Messidor,0,0,0.99937767
20060411_58051_0200_PP,Messidor,0,0,0.99833447
IDRiD_175_train,IDRiD,0,0,0.99158406
20060530_51254_0100_PP,Messidor,0,0,0.9307211
20060412_59037_0200_PP,Messidor,0,0,0.98936605
IM004554,Messidor,0,0,0.99895513
IDRiD_140_train,IDRiD,0,0,0.99622846
20051116_55656_0400_PP,Messidor,0,0,0.9972389
IM001581,Messidor,0,0,0.9983729
IM000984,Messidor,0,0,0.99746513
20060412_52587_0200_PP,Messidor,0,0,0.9985429
IDRiD_034_test,IDRiD,2,2,0.99851424
20060410_39976_0200_PP,Messidor,0,0,0.9845558
20060411_51985_0200_PP,Messidor,0,0,0.9507446
20051130_59850_0400_PP,Messidor,0,0,0.9983039
IDRiD_007_train,IDRiD,0,2,0.9302238
20051130_55012_0400_PP,Messidor,0,0,0.99950564
IM002695,Messidor,0,0,0.9984767
IM002034,Messidor,0,0,0.98836374
20051021_59243_0100_PP,Messidor,1,1,0.7573341
IM000916,Messidor,0,0,0.99860954
20051205_57879_0400_PP,Messidor,0,0,0.9978161
20051021_57975_0100_PP,Messidor,0,0,0.9983531
IM001539,Messidor,0,0,0.9983798
20051116_59168_0400_PP,Messidor,0,0,0.8960018
IM001582,Messidor,0,0,0.9996891
IM002356,Messidor,0,0,0.9992567
IDRiD_188_train,IDRiD,1,0,0.98355895
IM002894,Messidor,0,0,0.99735945
IDRiD_198_train,IDRiD,0,0,0.98675543
20060407_46394_0200_PP,Messidor,0,0,0.9962225
20051214_50895_0100_PP,Messidor,0,0,0.99394095
20060523_48890_0100_PP,Messidor,0,0,0.99977213
IDRiD_207_train,IDRiD,2,0,0.9214256
IDRiD_052_train,IDRiD,1,2,0.5171004
IM000553,Messidor,0,0,0.9994166
20051214_56565_0100_PP,Messidor,0,0,0.99685884
20060410_41077_0200_PP,Messidor,0,0,0.99912256
20060411_60283_0200_PP,Messidor,0,0,0.9921272
IM003893,Messidor,0,0,0.9952527
IM001948,Messidor,0,0,0.9868255
20060410_40274_0200_PP,Messidor,0,0,0.9990169
20051116_43954_0400_PP,Messidor,0,0,0.9981365
20051205_58037_0400_PP,Messidor,0,0,0.99860054
IDRiD_339_train,IDRiD,2,2,0.9982127
20051116_54825_0400_PP,Messidor,0,0,0.99911946
IDRiD_185_train,IDRiD,2,2,0.6632089
20051021_36380_0100_PP,Messidor,0,0,0.9968849
IDRiD_003_train,IDRiD,2,0,0.8459814
20051205_60119_0400_PP,Messidor,0,0,0.998389
IM000768,Messidor,0,0,0.99916184
IM001245,Messidor,0,0,0.9981108
IM001985,Messidor,0,0,0.9993211
IDRiD_312_train,IDRiD,0,0,0.9588622
IM001103,Messidor,0,0,0.99959654
20051201_37534_0400_PP,Messidor,0,0,0.9990669
IM001227,Messidor,0,0,0.9996898
20060407_39780_0200_PP,Messidor,0,0,0.99720603
IM000888,Messidor,0,0,0.99918836
IDRiD_031_train,IDRiD,2,2,0.39231023
IDRiD_059_train,IDRiD,2,2,0.98628795
IM001124,Messidor,0,0,0.9995989
20060410_44364_0200_PP,Messidor,0,0,0.99944526
20051020_44261_0100_PP,Messidor,0,0,0.9991671
IM001336,Messidor,0,0,0.9994259
IDRiD_013_train,IDRiD,0,0,0.687442
20051216_46847_0200_PP,Messidor,1,0,0.66024035
20051214_42323_0100_PP,Messidor,0,0,0.99256974
20060412_61299_0200_PP,Messidor,0,0,0.9912696
IM001231,Messidor,0,0,0.99037266
IDRiD_028_train,IDRiD,2,2,0.99952245
IM000299,Messidor,0,0,0.999861
20051020_44714_0100_PP,Messidor,0,0,0.84763473
IDRiD_220_train,IDRiD,0,0,0.9977215
IM004036,Messidor,0,0,0.9997757
IDRiD_060_train,IDRiD,1,0,0.977839
20060411_58071_0200_PP,Messidor,0,0,0.99879766
20051116_54587_0400_PP,Messidor,0,0,0.9967012
20051130_55004_0400_PP,Messidor,0,0,0.99936277
IM001088,Messidor,0,0,0.9992423
IDRiD_336_train,IDRiD,0,0,0.99388945
IM000012,Messidor,0,0,0.9992198
IDRiD_048_train,IDRiD,2,2,0.9991466
IM000834,Messidor,0,0,0.9982039
IDRiD_033_train,IDRiD,2,2,0.9973521
IDRiD_194_train,IDRiD,0,0,0.88762677
20051216_45899_0200_PP,Messidor,0,0,0.99878544
IM002441,Messidor,0,0,0.97097415
20060523_45467_0100_PP,Messidor,0,0,0.9944593
IDRiD_334_train,IDRiD,2,2,0.66498154
IDRiD_152_train,IDRiD,0,0,0.9965359
20051202_55735_0400_PP,Messidor,0,0,0.9953897
20051020_44349_0100_PP,Messidor,0,0,0.88640696
20060523_50539_0100_PP,Messidor,1,1,0.98622376
IM002456,Messidor,0,0,0.98449904
20051214_51921_0100_PP,Messidor,1,1,0.5431057
IDRiD_080_test,IDRiD,0,0,0.9898577
IM002853,Messidor,0,0,0.9995865
20060411_61494_0200_PP,Messidor,0,0,0.98989254
IDRiD_260_train,IDRiD,2,0,0.9668374
IDRiD_275_train,IDRiD,0,0,0.8881849
IM002658,Messidor,0,0,0.99887925
20051116_44804_0400_PP,Messidor,0,0,0.9983766
20060407_44529_0200_PP,Messidor,0,0,0.99333054
IM000198,Messidor,0,0,0.99950635
20060523_48136_0100_PP,Messidor,0,0,0.9415649
IDRiD_214_train,IDRiD,0,0,0.9809388
20060411_58238_0200_PP,Messidor,0,0,0.9980751
20051130_58716_0400_PP,Messidor,0,0,0.9966372
IDRiD_309_train,IDRiD,2,2,0.9986966
20060411_61060_0200_PP,Messidor,0,0,0.9977723
IM001181,Messidor,0,0,0.99953115
20051212_36548_0400_PP,Messidor,0,0,0.9941754
20051201_37557_0400_PP,Messidor,0,0,0.9915059
IM001752,Messidor,1,0,0.96969044
IM003856,Messidor,0,0,0.99637103
IM000500,Messidor,0,0,0.9996965
20060407_44866_0200_PP,Messidor,0,0,0.99425817
IDRiD_397_train,IDRiD,0,0,0.45441976
20051116_59150_0400_PP,Messidor,0,0,0.9827817
IDRiD_208_train,IDRiD,2,0,0.99299496
20051214_57230_0100_PP,Messidor,0,0,0.86068636
IM004811,Messidor,0,0,0.9618163
20060411_61478_0200_PP,Messidor,0,1,0.7011361
IDRiD_377_train,IDRiD,2,2,0.99615675
IDRiD_081_test,IDRiD,2,0,0.95885473
IDRiD_095_test,IDRiD,0,0,0.95939124
IM003431,Messidor,0,0,0.9830868
20060523_48161_0100_PP,Messidor,0,0,0.9986708
20051202_56028_0400_PP,Messidor,0,0,0.99762374
IM002938,Messidor,0,0,0.9849569
IM000122,Messidor,0,0,0.99896514
IDRiD_078_test,IDRiD,0,0,0.9757456
IM000161,Messidor,0,0,0.9964864
IM003595,Messidor,0,0,0.9987212
IM003214,Messidor,0,0,0.9989975
20060411_58891_0200_PP,Messidor,0,0,0.9990079
20051216_47514_0200_PP,Messidor,0,0,0.99830675
20051201_37390_0400_PP,Messidor,0,0,0.99759835
IDRiD_081_train,IDRiD,2,2,0.87305176
20051130_54802_0400_PP,Messidor,0,0,0.9993043
IDRiD_202_train,IDRiD,0,0,0.97257215
20051208_42546_0400_PP,Messidor,0,0,0.9984352
IDRiD_023_train,IDRiD,2,2,0.97968596
20051205_35408_0400_PP,Messidor,0,0,0.9992287
20051216_45351_0200_PP,Messidor,1,0,0.7188849
IDRiD_055_test,IDRiD,0,0,0.8298754
IM003323,Messidor,0,0,0.9990269
IDRiD_064_train,IDRiD,2,2,0.75922203
IDRiD_264_train,IDRiD,0,0,0.9651923
20051214_51342_0100_PP,Messidor,0,0,0.98694927
IDRiD_005_train,IDRiD,0,2,0.90395457
20060410_44504_0200_PP,Messidor,0,0,0.9993098
20060522_45402_0100_PP,Messidor,0,0,0.9213899
IM001805,Messidor,0,0,0.9993469
IDRiD_304_train,IDRiD,0,0,0.98625344
20051202_56050_0400_PP,Messidor,0,0,0.9992514
IDRiD_389_train,IDRiD,2,2,0.9990477
20060411_62319_0200_PP,Messidor,0,0,0.9919918
IM000813,Messidor,0,0,0.99941707
20051020_56791_0100_PP,Messidor,0,0,0.99902725
20051020_64249_0100_PP,Messidor,0,0,0.9790845
20060412_57952_0200_PP,Messidor,0,0,0.99373525
20051130_60066_0400_PP,Messidor,0,0,0.99892056
20051020_63269_0100_PP,Messidor,0,0,0.99916697
20051130_54077_0400_PP,Messidor,0,0,0.99755365
IM000668,Messidor,0,0,0.9991053
IDRiD_066_test,IDRiD,2,2,0.9601341
20051202_55582_0400_PP,Messidor,0,0,0.99218255
20060411_58808_0200_PP,Messidor,0,0,0.9989949
IDRiD_295_train,IDRiD,0,0,0.9988254
20060411_59812_0200_PP,Messidor,1,0,0.9766357
IDRiD_146_train,IDRiD,0,0,0.6229243
20060523_49875_0100_PP,Messidor,0,0,0.8209142
20060412_52038_0200_PP,Messidor,0,0,0.6592574
IM002732,Messidor,0,0,0.9990958
IDRiD_119_train,IDRiD,2,2,0.99600035
20060407_39546_0200_PP,Messidor,0,0,0.997843
20060412_59242_0200_PP,Messidor,0,0,0.9967625
20060407_44400_0200_PP,Messidor,0,0,0.9892141
20060410_47042_0200_PP,Messidor,0,0,0.9994727
IM003359,Messidor,0,0,0.987877
IM002269,Messidor,1,2,0.7849208
IM004645,Messidor,0,0,0.996725
IDRiD_063_test,IDRiD,0,0,0.9949419
20060522_45853_0100_PP,Messidor,0,0,0.9716859
20060523_45787_0100_PP,Messidor,0,0,0.9893853
20060407_43258_0200_PP,Messidor,0,0,0.9969506
20060522_45777_0100_PP,Messidor,0,0,0.99929166
IM000859,Messidor,0,0,0.99592125
IDRiD_012_test,IDRiD,2,0,0.7735306
IM000924,Messidor,0,0,0.99600464
20051130_59793_0400_PP,Messidor,0,0,0.9943557
IDRiD_103_test,IDRiD,0,0,0.9214068
20060407_42290_0200_PP,Messidor,0,0,0.99874544
IDRiD_131_train,IDRiD,1,0,0.5251494
20051021_40018_0100_PP,Messidor,0,0,0.99414045
IM000167,Messidor,0,0,0.9986559
IM004668,Messidor,0,0,0.9988846
20051130_59464_0400_PP,Messidor,0,0,0.9987382
20060412_57974_0200_PP,Messidor,0,0,0.9891425
IM002822,Messidor,0,0,0.9996617
20060411_59190_0200_PP,Messidor,1,0,0.5462751
IM003519,Messidor,0,0,0.9996387
20060412_59658_0200_PP,Messidor,0,0,0.995751
20060410_41098_0200_PP,Messidor,0,0,0.90671164
20060410_41209_0200_PP,Messidor,0,0,0.9981281
IM002998,Messidor,0,0,0.99906355
IDRiD_255_train,IDRiD,0,0,0.9890581
20060412_59100_0200_PP,Messidor,0,0,0.9993851
IDRiD_190_train,IDRiD,0,0,0.98561954
20051130_60691_0400_PP,Messidor,0,0,0.9951988
IDRiD_098_test,IDRiD,0,2,0.50975937
20060407_45949_0200_PP,Messidor,0,0,0.9910931
IM004154,Messidor,0,0,0.9991892
20051214_41055_0100_PP,Messidor,0,0,0.99757344
20051020_43906_0100_PP,Messidor,1,0,0.9974025
IM004621,Messidor,0,0,0.9984169
IM001751,Messidor,0,0,0.701553
20051202_48393_0400_PP,Messidor,0,0,0.99731183
IDRiD_076_test,IDRiD,1,0,0.9672798
20051201_38081_0400_PP,Messidor,0,0,0.993654
20060529_56442_0100_PP,Messidor,0,0,0.9900158
IDRiD_115_train,IDRiD,2,2,0.9879149
IM002134,Messidor,0,0,0.99853134
IM002901,Messidor,0,0,0.99704593
20060410_47186_0200_PP,Messidor,0,0,0.97746086
IM000696,Messidor,0,0,0.9994535
IM002649,Messidor,0,0,0.99841905
IDRiD_216_train,IDRiD,1,0,0.9431923
IDRiD_035_train,IDRiD,2,2,0.99921906
20060412_59636_0200_PP,Messidor,0,0,0.9988356
IM000080,Messidor,0,0,0.9962658
20060407_46257_0200_PP,Messidor,0,0,0.9970867
IM002019,Messidor,0,0,0.9992601
20051205_58091_0400_PP,Messidor,0,0,0.998787
IM004392,Messidor,0,0,0.9983695
IM001797,Messidor,0,0,0.9988483
IDRiD_173_train,IDRiD,0,0,0.55157906
20051130_59029_0400_PP,Messidor,0,0,0.99803144
IDRiD_139_train,IDRiD,0,0,0.99212766
20060411_59919_0200_PP,Messidor,0,0,0.9964394
IDRiD_087_train,IDRiD,2,2,0.9984882
IM000654,Messidor,0,0,0.9961047
20051205_58409_0400_PP,Messidor,0,0,0.9817442
20060529_57156_0100_PP,Messidor,0,0,0.9448114
IM004440,Messidor,0,0,0.9998004
IM002615,Messidor,0,0,0.9992879
20051214_40994_0100_PP,Messidor,0,0,0.98589754
IM001089,Messidor,0,0,0.99940145
20060410_43868_0200_PP,Messidor,0,0,0.99427706
20060412_52194_0200_PP,Messidor,0,0,0.9924522
20051021_40248_0100_PP,Messidor,0,0,0.97090125
IM001372,Messidor,0,0,0.99217236
20051205_57757_0400_PP,Messidor,0,0,0.9995579
20060523_49010_0100_PP,Messidor,1,1,0.5269476
IM001110,Messidor,0,0,0.9998128
20060523_50234_0100_PP,Messidor,0,0,0.99267524
IDRiD_332_train,IDRiD,2,2,0.85936356
20051216_44939_0200_PP,Messidor,0,0,0.9937122
20060412_59355_0200_PP,Messidor,0,0,0.9905911
IM000406,Messidor,0,0,0.9995521
20060523_48990_0100_PP,Messidor,0,0,0.9741682
IM002201,Messidor,0,0,0.99885607
20060407_45247_0200_PP,Messidor,0,0,0.9947636
IM003207,Messidor,0,0,0.9991253
20060523_50556_0100_PP,Messidor,1,1,0.98511755
20051021_59459_0100_PP,Messidor,1,1,0.5382988
IDRiD_044_train,IDRiD,2,2,0.99779665
20051110_34071_0400_PP,Messidor,0,0,0.9986266
IM003747,Messidor,0,0,0.9993267
20060523_45369_0100_PP,Messidor,0,0,0.83331436
20051020_62385_0100_PP,Messidor,1,0,0.56529945
20051205_58373_0400_PP,Messidor,0,0,0.9986821
IM001880,Messidor,0,0,0.9994659
20051216_47668_0200_PP,Messidor,1,0,0.63164586
20051205_59300_0400_PP,Messidor,0,0,0.9978915
20051020_63045_0100_PP,Messidor,0,0,0.9987112
IM004306,Messidor,0,0,0.9965796
IDRiD_235_train,IDRiD,0,0,0.9529398
IDRiD_356_train,IDRiD,2,2,0.99397826
IDRiD_282_train,IDRiD,1,0,0.96389496
20051110_38111_0400_PP,Messidor,0,0,0.99970007
20051110_38194_0400_PP,Messidor,0,0,0.9983742
IM004241,Messidor,0,0,0.99706334
